# cycle	pc	r0	r1	r2	r3	r4	r5	r6	r7	pin_out	pin_oe
0	0	0	0	0	0	0	0	0	0	0	0
1	1	0	0	0	0	0	0	0	1	0	0
2	2	0	0	0	0	0	0	0	1	0	0
3	3	0	0	0	0	0	0	0	1	0	0
4	4	0	0	0	0	0	0	0	1	0	0
5	4	0	0	0	0	0	0	0	1	0	0
6	4	0	0	0	0	0	0	0	1	0	0
7	4	0	0	0	0	0	0	0	1	0	0
8	4	0	0	0	0	0	0	0	1	0	0
9	4	0	0	0	0	0	0	0	1	0	0
10	4	0	0	0	0	0	0	0	1	0	0
11	4	0	0	0	0	0	0	0	1	0	0
12	4	0	0	0	0	0	0	0	1	0	0
13	4	0	0	0	0	0	0	0	1	0	0
14	4	0	0	0	0	0	0	0	1	0	0
15	4	0	0	0	0	0	0	0	1	0	0
16	4	0	0	0	0	0	0	0	1	0	0
17	4	0	0	0	0	0	0	0	1	0	0
18	4	0	0	0	0	0	0	0	1	0	0
19	4	0	0	0	0	0	0	0	1	0	0
20	4	0	0	0	0	0	0	0	1	0	0
21	4	0	0	0	0	0	0	0	1	0	0
22	4	0	0	0	0	0	0	0	1	0	0
23	4	0	0	0	0	0	0	0	1	0	0
24	4	0	0	0	0	0	0	0	1	0	0
25	4	0	0	0	0	0	0	0	1	0	0
26	4	0	0	0	0	0	0	0	1	0	0
27	4	0	0	0	0	0	0	0	1	0	0
28	4	0	0	0	0	0	0	0	1	0	0
29	4	0	0	0	0	0	0	0	1	0	0
30	4	0	0	0	0	0	0	0	1	0	0
31	4	0	0	0	0	0	0	0	1	0	0
32	4	0	0	0	0	0	0	0	1	0	0
33	4	0	0	0	0	0	0	0	1	0	0
34	4	0	0	0	0	0	0	0	1	0	0
35	4	0	0	0	0	0	0	0	1	0	0
36	4	0	0	0	0	0	0	0	1	0	0
37	4	0	0	0	0	0	0	0	1	0	0
38	4	0	0	0	0	0	0	0	1	0	0
39	4	0	0	0	0	0	0	0	1	0	0
40	4	0	0	0	0	0	0	0	1	0	0
41	4	0	0	0	0	0	0	0	1	0	0
42	4	0	0	0	0	0	0	0	1	0	0
43	4	0	0	0	0	0	0	0	1	0	0
44	4	0	0	0	0	0	0	0	1	0	0
45	4	0	0	0	0	0	0	0	1	0	0
46	4	0	0	0	0	0	0	0	1	0	0
47	4	0	0	0	0	0	0	0	1	0	0
48	4	0	0	0	0	0	0	0	1	0	0
49	4	0	0	0	0	0	0	0	1	0	0
50	4	0	0	0	0	0	0	0	1	0	0
51	4	0	0	0	0	0	0	0	1	0	0
52	4	0	0	0	0	0	0	0	1	0	0
53	4	0	0	0	0	0	0	0	1	0	0
54	5	0	0	0	0	0	0	0	1	0	8
55	6	0	0	0	0	0	0	0	1	0	8
56	6	0	0	0	0	0	0	0	1	0	8
57	6	0	0	0	0	0	0	0	1	0	8
58	6	0	0	0	0	0	0	0	1	0	8
59	6	0	0	0	0	0	0	0	1	0	8
60	6	0	0	0	0	0	0	0	1	0	8
61	6	0	0	0	0	0	0	0	1	0	8
62	6	0	0	0	0	0	0	0	1	0	8
63	6	0	0	0	0	0	0	0	1	0	8
64	6	0	0	0	0	0	0	0	1	0	8
65	6	0	0	0	0	0	0	0	1	0	8
66	6	0	0	0	0	0	0	0	1	0	8
67	6	0	0	0	0	0	0	0	1	0	8
68	6	0	0	0	0	0	0	0	1	0	8
69	6	0	0	0	0	0	0	0	1	0	8
70	6	0	0	0	0	0	0	0	1	0	8
71	6	0	0	0	0	0	0	0	1	0	8
72	6	0	0	0	0	0	0	0	1	0	8
73	6	0	0	0	0	0	0	0	1	0	8
74	6	0	0	0	0	0	0	0	1	0	8
75	6	0	0	0	0	0	0	0	1	0	8
76	6	0	0	0	0	0	0	0	1	0	8
77	6	0	0	0	0	0	0	0	1	0	8
78	6	0	0	0	0	0	0	0	1	0	8
79	6	0	0	0	0	0	0	0	1	0	8
80	7	0	0	0	0	0	0	0	1	0	24
81	8	0	0	0	0	0	0	0	1	0	24
82	8	0	0	0	0	0	0	0	1	0	24
83	8	0	0	0	0	0	0	0	1	0	24
84	8	0	0	0	0	0	0	0	1	0	24
85	8	0	0	0	0	0	0	0	1	0	24
86	8	0	0	0	0	0	0	0	1	0	24
87	8	0	0	0	0	0	0	0	1	0	24
88	8	0	0	0	0	0	0	0	1	0	24
89	8	0	0	0	0	0	0	0	1	0	24
90	8	0	0	0	0	0	0	0	1	0	24
91	8	0	0	0	0	0	0	0	1	0	24
92	8	0	0	0	0	0	0	0	1	0	24
93	8	0	0	0	0	0	0	0	1	0	24
94	8	0	0	0	0	0	0	0	1	0	24
95	8	0	0	0	0	0	0	0	1	0	24
96	8	0	0	0	0	0	0	0	1	0	24
97	8	0	0	0	0	0	0	0	1	0	24
98	8	0	0	0	0	0	0	0	1	0	24
99	8	0	0	0	0	0	0	0	1	0	24
100	8	0	0	0	0	0	0	0	1	0	24
101	8	0	0	0	0	0	0	0	1	0	24
102	8	0	0	0	0	0	0	0	1	0	24
103	8	0	0	0	0	0	0	0	1	0	24
104	8	0	0	0	0	0	0	0	1	0	24
105	8	0	0	0	0	0	0	0	1	0	24
106	9	160	0	0	0	0	0	0	1	0	24
107	10	160	7	0	0	0	0	0	1	0	24
108	11	65	7	0	0	0	0	0	1	0	24
109	12	65	7	0	0	0	0	0	1	0	16
110	13	65	7	0	0	0	0	0	1	0	16
111	13	65	7	0	0	0	0	0	1	0	16
112	13	65	7	0	0	0	0	0	1	0	16
113	13	65	7	0	0	0	0	0	1	0	16
114	13	65	7	0	0	0	0	0	1	0	16
115	13	65	7	0	0	0	0	0	1	0	16
116	13	65	7	0	0	0	0	0	1	0	16
117	13	65	7	0	0	0	0	0	1	0	16
118	13	65	7	0	0	0	0	0	1	0	16
119	13	65	7	0	0	0	0	0	1	0	16
120	13	65	7	0	0	0	0	0	1	0	16
121	13	65	7	0	0	0	0	0	1	0	16
122	13	65	7	0	0	0	0	0	1	0	16
123	13	65	7	0	0	0	0	0	1	0	16
124	13	65	7	0	0	0	0	0	1	0	16
125	13	65	7	0	0	0	0	0	1	0	16
126	13	65	7	0	0	0	0	0	1	0	16
127	13	65	7	0	0	0	0	0	1	0	16
128	13	65	7	0	0	0	0	0	1	0	16
129	13	65	7	0	0	0	0	0	1	0	16
130	14	65	7	0	0	0	0	0	1	0	0
131	15	65	7	0	0	0	0	0	1	0	0
132	16	65	7	0	0	0	0	0	1	0	0
133	16	65	7	0	0	0	0	0	1	0	0
134	16	65	7	0	0	0	0	0	1	0	0
135	16	65	7	0	0	0	0	0	1	0	0
136	16	65	7	0	0	0	0	0	1	0	0
137	16	65	7	0	0	0	0	0	1	0	0
138	16	65	7	0	0	0	0	0	1	0	0
139	16	65	7	0	0	0	0	0	1	0	0
140	16	65	7	0	0	0	0	0	1	0	0
141	16	65	7	0	0	0	0	0	1	0	0
142	16	65	7	0	0	0	0	0	1	0	0
143	16	65	7	0	0	0	0	0	1	0	0
144	16	65	7	0	0	0	0	0	1	0	0
145	16	65	7	0	0	0	0	0	1	0	0
146	16	65	7	0	0	0	0	0	1	0	0
147	16	65	7	0	0	0	0	0	1	0	0
148	16	65	7	0	0	0	0	0	1	0	0
149	16	65	7	0	0	0	0	0	1	0	0
150	16	65	7	0	0	0	0	0	1	0	0
151	16	65	7	0	0	0	0	0	1	0	0
152	16	65	7	0	0	0	0	0	1	0	0
153	16	65	7	0	0	0	0	0	1	0	0
154	16	65	7	0	0	0	0	0	1	0	0
155	16	65	7	0	0	0	0	0	1	0	0
156	16	65	7	0	0	0	0	0	1	0	0
157	16	65	7	0	0	0	0	0	1	0	0
158	16	65	7	0	0	0	0	0	1	0	0
159	16	65	7	0	0	0	0	0	1	0	0
160	16	65	7	0	0	0	0	0	1	0	0
161	16	65	7	0	0	0	0	0	1	0	0
162	16	65	7	0	0	0	0	0	1	0	0
163	16	65	7	0	0	0	0	0	1	0	0
164	16	65	7	0	0	0	0	0	1	0	0
165	16	65	7	0	0	0	0	0	1	0	0
166	16	65	7	0	0	0	0	0	1	0	0
167	16	65	7	0	0	0	0	0	1	0	0
168	16	65	7	0	0	0	0	0	1	0	0
169	16	65	7	0	0	0	0	0	1	0	0
170	16	65	7	0	0	0	0	0	1	0	0
171	16	65	7	0	0	0	0	0	1	0	0
172	17	65	7	0	0	0	0	0	1	0	16
173	18	65	7	0	0	0	0	0	1	0	16
174	18	65	7	0	0	0	0	0	1	0	16
175	18	65	7	0	0	0	0	0	1	0	16
176	18	65	7	0	0	0	0	0	1	0	16
177	18	65	7	0	0	0	0	0	1	0	16
178	18	65	7	0	0	0	0	0	1	0	16
179	18	65	7	0	0	0	0	0	1	0	16
180	18	65	7	0	0	0	0	0	1	0	16
181	18	65	7	0	0	0	0	0	1	0	16
182	18	65	7	0	0	0	0	0	1	0	16
183	18	65	7	0	0	0	0	0	1	0	16
184	18	65	7	0	0	0	0	0	1	0	16
185	18	65	7	0	0	0	0	0	1	0	16
186	18	65	7	0	0	0	0	0	1	0	16
187	18	65	7	0	0	0	0	0	1	0	16
188	18	65	7	0	0	0	0	0	1	0	16
189	18	65	7	0	0	0	0	0	1	0	16
190	18	65	7	0	0	0	0	0	1	0	16
191	18	65	7	0	0	0	0	0	1	0	16
192	18	65	7	0	0	0	0	0	1	0	16
193	10	65	6	0	0	0	0	0	1	0	16
194	11	130	6	0	0	0	0	0	1	0	16
195	12	130	6	0	0	0	0	0	1	0	24
196	13	130	6	0	0	0	0	0	1	0	24
197	13	130	6	0	0	0	0	0	1	0	24
198	13	130	6	0	0	0	0	0	1	0	24
199	13	130	6	0	0	0	0	0	1	0	24
200	13	130	6	0	0	0	0	0	1	0	24
201	13	130	6	0	0	0	0	0	1	0	24
202	13	130	6	0	0	0	0	0	1	0	24
203	13	130	6	0	0	0	0	0	1	0	24
204	13	130	6	0	0	0	0	0	1	0	24
205	13	130	6	0	0	0	0	0	1	0	24
206	13	130	6	0	0	0	0	0	1	0	24
207	13	130	6	0	0	0	0	0	1	0	24
208	13	130	6	0	0	0	0	0	1	0	24
209	13	130	6	0	0	0	0	0	1	0	24
210	13	130	6	0	0	0	0	0	1	0	24
211	13	130	6	0	0	0	0	0	1	0	24
212	13	130	6	0	0	0	0	0	1	0	24
213	13	130	6	0	0	0	0	0	1	0	24
214	13	130	6	0	0	0	0	0	1	0	24
215	13	130	6	0	0	0	0	0	1	0	24
216	14	130	6	0	0	0	0	0	1	0	8
217	15	130	6	0	0	0	0	0	1	0	8
218	16	130	6	0	0	0	0	0	1	0	8
219	16	130	6	0	0	0	0	0	1	0	8
220	16	130	6	0	0	0	0	0	1	0	8
221	16	130	6	0	0	0	0	0	1	0	8
222	16	130	6	0	0	0	0	0	1	0	8
223	16	130	6	0	0	0	0	0	1	0	8
224	16	130	6	0	0	0	0	0	1	0	8
225	16	130	6	0	0	0	0	0	1	0	8
226	16	130	6	0	0	0	0	0	1	0	8
227	16	130	6	0	0	0	0	0	1	0	8
228	16	130	6	0	0	0	0	0	1	0	8
229	16	130	6	0	0	0	0	0	1	0	8
230	16	130	6	0	0	0	0	0	1	0	8
231	16	130	6	0	0	0	0	0	1	0	8
232	16	130	6	0	0	0	0	0	1	0	8
233	16	130	6	0	0	0	0	0	1	0	8
234	16	130	6	0	0	0	0	0	1	0	8
235	16	130	6	0	0	0	0	0	1	0	8
236	16	130	6	0	0	0	0	0	1	0	8
237	16	130	6	0	0	0	0	0	1	0	8
238	16	130	6	0	0	0	0	0	1	0	8
239	16	130	6	0	0	0	0	0	1	0	8
240	16	130	6	0	0	0	0	0	1	0	8
241	16	130	6	0	0	0	0	0	1	0	8
242	16	130	6	0	0	0	0	0	1	0	8
243	16	130	6	0	0	0	0	0	1	0	8
244	16	130	6	0	0	0	0	0	1	0	8
245	16	130	6	0	0	0	0	0	1	0	8
246	16	130	6	0	0	0	0	0	1	0	8
247	16	130	6	0	0	0	0	0	1	0	8
248	16	130	6	0	0	0	0	0	1	0	8
249	16	130	6	0	0	0	0	0	1	0	8
250	16	130	6	0	0	0	0	0	1	0	8
251	16	130	6	0	0	0	0	0	1	0	8
252	16	130	6	0	0	0	0	0	1	0	8
253	16	130	6	0	0	0	0	0	1	0	8
254	16	130	6	0	0	0	0	0	1	0	8
255	16	130	6	0	0	0	0	0	1	0	8
256	16	130	6	0	0	0	0	0	1	0	8
257	16	130	6	0	0	0	0	0	1	0	8
258	17	130	6	0	0	0	0	0	1	0	24
259	18	130	6	0	0	0	0	0	1	0	24
260	18	130	6	0	0	0	0	0	1	0	24
261	18	130	6	0	0	0	0	0	1	0	24
262	18	130	6	0	0	0	0	0	1	0	24
263	18	130	6	0	0	0	0	0	1	0	24
264	18	130	6	0	0	0	0	0	1	0	24
265	18	130	6	0	0	0	0	0	1	0	24
266	18	130	6	0	0	0	0	0	1	0	24
267	18	130	6	0	0	0	0	0	1	0	24
268	18	130	6	0	0	0	0	0	1	0	24
269	18	130	6	0	0	0	0	0	1	0	24
270	18	130	6	0	0	0	0	0	1	0	24
271	18	130	6	0	0	0	0	0	1	0	24
272	18	130	6	0	0	0	0	0	1	0	24
273	18	130	6	0	0	0	0	0	1	0	24
274	18	130	6	0	0	0	0	0	1	0	24
275	18	130	6	0	0	0	0	0	1	0	24
276	18	130	6	0	0	0	0	0	1	0	24
277	18	130	6	0	0	0	0	0	1	0	24
278	18	130	6	0	0	0	0	0	1	0	24
279	10	130	5	0	0	0	0	0	1	0	24
280	11	5	5	0	0	0	0	0	1	0	24
281	12	5	5	0	0	0	0	0	1	0	16
282	13	5	5	0	0	0	0	0	1	0	16
283	13	5	5	0	0	0	0	0	1	0	16
284	13	5	5	0	0	0	0	0	1	0	16
285	13	5	5	0	0	0	0	0	1	0	16
286	13	5	5	0	0	0	0	0	1	0	16
287	13	5	5	0	0	0	0	0	1	0	16
288	13	5	5	0	0	0	0	0	1	0	16
289	13	5	5	0	0	0	0	0	1	0	16
290	13	5	5	0	0	0	0	0	1	0	16
291	13	5	5	0	0	0	0	0	1	0	16
292	13	5	5	0	0	0	0	0	1	0	16
293	13	5	5	0	0	0	0	0	1	0	16
294	13	5	5	0	0	0	0	0	1	0	16
295	13	5	5	0	0	0	0	0	1	0	16
296	13	5	5	0	0	0	0	0	1	0	16
297	13	5	5	0	0	0	0	0	1	0	16
298	13	5	5	0	0	0	0	0	1	0	16
299	13	5	5	0	0	0	0	0	1	0	16
300	13	5	5	0	0	0	0	0	1	0	16
301	13	5	5	0	0	0	0	0	1	0	16
302	14	5	5	0	0	0	0	0	1	0	0
303	15	5	5	0	0	0	0	0	1	0	0
304	16	5	5	0	0	0	0	0	1	0	0
305	16	5	5	0	0	0	0	0	1	0	0
306	16	5	5	0	0	0	0	0	1	0	0
307	16	5	5	0	0	0	0	0	1	0	0
308	16	5	5	0	0	0	0	0	1	0	0
309	16	5	5	0	0	0	0	0	1	0	0
310	16	5	5	0	0	0	0	0	1	0	0
311	16	5	5	0	0	0	0	0	1	0	0
312	16	5	5	0	0	0	0	0	1	0	0
313	16	5	5	0	0	0	0	0	1	0	0
314	16	5	5	0	0	0	0	0	1	0	0
315	16	5	5	0	0	0	0	0	1	0	0
316	16	5	5	0	0	0	0	0	1	0	0
317	16	5	5	0	0	0	0	0	1	0	0
318	16	5	5	0	0	0	0	0	1	0	0
319	16	5	5	0	0	0	0	0	1	0	0
320	16	5	5	0	0	0	0	0	1	0	0
321	16	5	5	0	0	0	0	0	1	0	0
322	16	5	5	0	0	0	0	0	1	0	0
323	16	5	5	0	0	0	0	0	1	0	0
324	16	5	5	0	0	0	0	0	1	0	0
325	16	5	5	0	0	0	0	0	1	0	0
326	16	5	5	0	0	0	0	0	1	0	0
327	16	5	5	0	0	0	0	0	1	0	0
328	16	5	5	0	0	0	0	0	1	0	0
329	16	5	5	0	0	0	0	0	1	0	0
330	16	5	5	0	0	0	0	0	1	0	0
331	16	5	5	0	0	0	0	0	1	0	0
332	16	5	5	0	0	0	0	0	1	0	0
333	16	5	5	0	0	0	0	0	1	0	0
334	16	5	5	0	0	0	0	0	1	0	0
335	16	5	5	0	0	0	0	0	1	0	0
336	16	5	5	0	0	0	0	0	1	0	0
337	16	5	5	0	0	0	0	0	1	0	0
338	16	5	5	0	0	0	0	0	1	0	0
339	16	5	5	0	0	0	0	0	1	0	0
340	16	5	5	0	0	0	0	0	1	0	0
341	16	5	5	0	0	0	0	0	1	0	0
342	16	5	5	0	0	0	0	0	1	0	0
343	16	5	5	0	0	0	0	0	1	0	0
344	17	5	5	0	0	0	0	0	1	0	16
345	18	5	5	0	0	0	0	0	1	0	16
346	18	5	5	0	0	0	0	0	1	0	16
347	18	5	5	0	0	0	0	0	1	0	16
348	18	5	5	0	0	0	0	0	1	0	16
349	18	5	5	0	0	0	0	0	1	0	16
350	18	5	5	0	0	0	0	0	1	0	16
351	18	5	5	0	0	0	0	0	1	0	16
352	18	5	5	0	0	0	0	0	1	0	16
353	18	5	5	0	0	0	0	0	1	0	16
354	18	5	5	0	0	0	0	0	1	0	16
355	18	5	5	0	0	0	0	0	1	0	16
356	18	5	5	0	0	0	0	0	1	0	16
357	18	5	5	0	0	0	0	0	1	0	16
358	18	5	5	0	0	0	0	0	1	0	16
359	18	5	5	0	0	0	0	0	1	0	16
360	18	5	5	0	0	0	0	0	1	0	16
361	18	5	5	0	0	0	0	0	1	0	16
362	18	5	5	0	0	0	0	0	1	0	16
363	18	5	5	0	0	0	0	0	1	0	16
364	18	5	5	0	0	0	0	0	1	0	16
365	10	5	4	0	0	0	0	0	1	0	16
366	11	10	4	0	0	0	0	0	1	0	16
367	12	10	4	0	0	0	0	0	1	0	24
368	13	10	4	0	0	0	0	0	1	0	24
369	13	10	4	0	0	0	0	0	1	0	24
370	13	10	4	0	0	0	0	0	1	0	24
371	13	10	4	0	0	0	0	0	1	0	24
372	13	10	4	0	0	0	0	0	1	0	24
373	13	10	4	0	0	0	0	0	1	0	24
374	13	10	4	0	0	0	0	0	1	0	24
375	13	10	4	0	0	0	0	0	1	0	24
376	13	10	4	0	0	0	0	0	1	0	24
377	13	10	4	0	0	0	0	0	1	0	24
378	13	10	4	0	0	0	0	0	1	0	24
379	13	10	4	0	0	0	0	0	1	0	24
380	13	10	4	0	0	0	0	0	1	0	24
381	13	10	4	0	0	0	0	0	1	0	24
382	13	10	4	0	0	0	0	0	1	0	24
383	13	10	4	0	0	0	0	0	1	0	24
384	13	10	4	0	0	0	0	0	1	0	24
385	13	10	4	0	0	0	0	0	1	0	24
386	13	10	4	0	0	0	0	0	1	0	24
387	13	10	4	0	0	0	0	0	1	0	24
388	14	10	4	0	0	0	0	0	1	0	8
389	15	10	4	0	0	0	0	0	1	0	8
390	16	10	4	0	0	0	0	0	1	0	8
391	16	10	4	0	0	0	0	0	1	0	8
392	16	10	4	0	0	0	0	0	1	0	8
393	16	10	4	0	0	0	0	0	1	0	8
394	16	10	4	0	0	0	0	0	1	0	8
395	16	10	4	0	0	0	0	0	1	0	8
396	16	10	4	0	0	0	0	0	1	0	8
397	16	10	4	0	0	0	0	0	1	0	8
398	16	10	4	0	0	0	0	0	1	0	8
399	16	10	4	0	0	0	0	0	1	0	8
400	16	10	4	0	0	0	0	0	1	0	8
401	16	10	4	0	0	0	0	0	1	0	8
402	16	10	4	0	0	0	0	0	1	0	8
403	16	10	4	0	0	0	0	0	1	0	8
404	16	10	4	0	0	0	0	0	1	0	8
405	16	10	4	0	0	0	0	0	1	0	8
406	16	10	4	0	0	0	0	0	1	0	8
407	16	10	4	0	0	0	0	0	1	0	8
408	16	10	4	0	0	0	0	0	1	0	8
409	16	10	4	0	0	0	0	0	1	0	8
410	16	10	4	0	0	0	0	0	1	0	8
411	16	10	4	0	0	0	0	0	1	0	8
412	16	10	4	0	0	0	0	0	1	0	8
413	16	10	4	0	0	0	0	0	1	0	8
414	16	10	4	0	0	0	0	0	1	0	8
415	16	10	4	0	0	0	0	0	1	0	8
416	16	10	4	0	0	0	0	0	1	0	8
417	16	10	4	0	0	0	0	0	1	0	8
418	16	10	4	0	0	0	0	0	1	0	8
419	16	10	4	0	0	0	0	0	1	0	8
420	16	10	4	0	0	0	0	0	1	0	8
421	16	10	4	0	0	0	0	0	1	0	8
422	16	10	4	0	0	0	0	0	1	0	8
423	16	10	4	0	0	0	0	0	1	0	8
424	16	10	4	0	0	0	0	0	1	0	8
425	16	10	4	0	0	0	0	0	1	0	8
426	16	10	4	0	0	0	0	0	1	0	8
427	16	10	4	0	0	0	0	0	1	0	8
428	16	10	4	0	0	0	0	0	1	0	8
429	16	10	4	0	0	0	0	0	1	0	8
430	17	10	4	0	0	0	0	0	1	0	24
431	18	10	4	0	0	0	0	0	1	0	24
432	18	10	4	0	0	0	0	0	1	0	24
433	18	10	4	0	0	0	0	0	1	0	24
434	18	10	4	0	0	0	0	0	1	0	24
435	18	10	4	0	0	0	0	0	1	0	24
436	18	10	4	0	0	0	0	0	1	0	24
437	18	10	4	0	0	0	0	0	1	0	24
438	18	10	4	0	0	0	0	0	1	0	24
439	18	10	4	0	0	0	0	0	1	0	24
440	18	10	4	0	0	0	0	0	1	0	24
441	18	10	4	0	0	0	0	0	1	0	24
442	18	10	4	0	0	0	0	0	1	0	24
443	18	10	4	0	0	0	0	0	1	0	24
444	18	10	4	0	0	0	0	0	1	0	24
445	18	10	4	0	0	0	0	0	1	0	24
446	18	10	4	0	0	0	0	0	1	0	24
447	18	10	4	0	0	0	0	0	1	0	24
448	18	10	4	0	0	0	0	0	1	0	24
449	18	10	4	0	0	0	0	0	1	0	24
450	18	10	4	0	0	0	0	0	1	0	24
451	10	10	3	0	0	0	0	0	1	0	24
452	11	20	3	0	0	0	0	0	1	0	24
453	12	20	3	0	0	0	0	0	1	0	24
454	13	20	3	0	0	0	0	0	1	0	24
455	13	20	3	0	0	0	0	0	1	0	24
456	13	20	3	0	0	0	0	0	1	0	24
457	13	20	3	0	0	0	0	0	1	0	24
458	13	20	3	0	0	0	0	0	1	0	24
459	13	20	3	0	0	0	0	0	1	0	24
460	13	20	3	0	0	0	0	0	1	0	24
461	13	20	3	0	0	0	0	0	1	0	24
462	13	20	3	0	0	0	0	0	1	0	24
463	13	20	3	0	0	0	0	0	1	0	24
464	13	20	3	0	0	0	0	0	1	0	24
465	13	20	3	0	0	0	0	0	1	0	24
466	13	20	3	0	0	0	0	0	1	0	24
467	13	20	3	0	0	0	0	0	1	0	24
468	13	20	3	0	0	0	0	0	1	0	24
469	13	20	3	0	0	0	0	0	1	0	24
470	13	20	3	0	0	0	0	0	1	0	24
471	13	20	3	0	0	0	0	0	1	0	24
472	13	20	3	0	0	0	0	0	1	0	24
473	13	20	3	0	0	0	0	0	1	0	24
474	14	20	3	0	0	0	0	0	1	0	8
475	15	20	3	0	0	0	0	0	1	0	8
476	16	20	3	0	0	0	0	0	1	0	8
477	16	20	3	0	0	0	0	0	1	0	8
478	16	20	3	0	0	0	0	0	1	0	8
479	16	20	3	0	0	0	0	0	1	0	8
480	16	20	3	0	0	0	0	0	1	0	8
481	16	20	3	0	0	0	0	0	1	0	8
482	16	20	3	0	0	0	0	0	1	0	8
483	16	20	3	0	0	0	0	0	1	0	8
484	16	20	3	0	0	0	0	0	1	0	8
485	16	20	3	0	0	0	0	0	1	0	8
486	16	20	3	0	0	0	0	0	1	0	8
487	16	20	3	0	0	0	0	0	1	0	8
488	16	20	3	0	0	0	0	0	1	0	8
489	16	20	3	0	0	0	0	0	1	0	8
490	16	20	3	0	0	0	0	0	1	0	8
491	16	20	3	0	0	0	0	0	1	0	8
492	16	20	3	0	0	0	0	0	1	0	8
493	16	20	3	0	0	0	0	0	1	0	8
494	16	20	3	0	0	0	0	0	1	0	8
495	16	20	3	0	0	0	0	0	1	0	8
496	16	20	3	0	0	0	0	0	1	0	8
497	16	20	3	0	0	0	0	0	1	0	8
498	16	20	3	0	0	0	0	0	1	0	8
499	16	20	3	0	0	0	0	0	1	0	8
500	16	20	3	0	0	0	0	0	1	0	8
501	16	20	3	0	0	0	0	0	1	0	8
502	16	20	3	0	0	0	0	0	1	0	8
503	16	20	3	0	0	0	0	0	1	0	8
504	16	20	3	0	0	0	0	0	1	0	8
505	16	20	3	0	0	0	0	0	1	0	8
506	16	20	3	0	0	0	0	0	1	0	8
507	16	20	3	0	0	0	0	0	1	0	8
508	16	20	3	0	0	0	0	0	1	0	8
509	16	20	3	0	0	0	0	0	1	0	8
510	16	20	3	0	0	0	0	0	1	0	8
511	16	20	3	0	0	0	0	0	1	0	8
512	16	20	3	0	0	0	0	0	1	0	8
513	16	20	3	0	0	0	0	0	1	0	8
514	16	20	3	0	0	0	0	0	1	0	8
515	16	20	3	0	0	0	0	0	1	0	8
516	17	20	3	0	0	0	0	0	1	0	24
517	18	20	3	0	0	0	0	0	1	0	24
518	18	20	3	0	0	0	0	0	1	0	24
519	18	20	3	0	0	0	0	0	1	0	24
520	18	20	3	0	0	0	0	0	1	0	24
521	18	20	3	0	0	0	0	0	1	0	24
522	18	20	3	0	0	0	0	0	1	0	24
523	18	20	3	0	0	0	0	0	1	0	24
524	18	20	3	0	0	0	0	0	1	0	24
525	18	20	3	0	0	0	0	0	1	0	24
526	18	20	3	0	0	0	0	0	1	0	24
527	18	20	3	0	0	0	0	0	1	0	24
528	18	20	3	0	0	0	0	0	1	0	24
529	18	20	3	0	0	0	0	0	1	0	24
530	18	20	3	0	0	0	0	0	1	0	24
531	18	20	3	0	0	0	0	0	1	0	24
532	18	20	3	0	0	0	0	0	1	0	24
533	18	20	3	0	0	0	0	0	1	0	24
534	18	20	3	0	0	0	0	0	1	0	24
535	18	20	3	0	0	0	0	0	1	0	24
536	18	20	3	0	0	0	0	0	1	0	24
537	10	20	2	0	0	0	0	0	1	0	24
538	11	40	2	0	0	0	0	0	1	0	24
539	12	40	2	0	0	0	0	0	1	0	24
540	13	40	2	0	0	0	0	0	1	0	24
541	13	40	2	0	0	0	0	0	1	0	24
542	13	40	2	0	0	0	0	0	1	0	24
543	13	40	2	0	0	0	0	0	1	0	24
544	13	40	2	0	0	0	0	0	1	0	24
545	13	40	2	0	0	0	0	0	1	0	24
546	13	40	2	0	0	0	0	0	1	0	24
547	13	40	2	0	0	0	0	0	1	0	24
548	13	40	2	0	0	0	0	0	1	0	24
549	13	40	2	0	0	0	0	0	1	0	24
550	13	40	2	0	0	0	0	0	1	0	24
551	13	40	2	0	0	0	0	0	1	0	24
552	13	40	2	0	0	0	0	0	1	0	24
553	13	40	2	0	0	0	0	0	1	0	24
554	13	40	2	0	0	0	0	0	1	0	24
555	13	40	2	0	0	0	0	0	1	0	24
556	13	40	2	0	0	0	0	0	1	0	24
557	13	40	2	0	0	0	0	0	1	0	24
558	13	40	2	0	0	0	0	0	1	0	24
559	13	40	2	0	0	0	0	0	1	0	24
560	14	40	2	0	0	0	0	0	1	0	8
561	15	40	2	0	0	0	0	0	1	0	8
562	16	40	2	0	0	0	0	0	1	0	8
563	16	40	2	0	0	0	0	0	1	0	8
564	16	40	2	0	0	0	0	0	1	0	8
565	16	40	2	0	0	0	0	0	1	0	8
566	16	40	2	0	0	0	0	0	1	0	8
567	16	40	2	0	0	0	0	0	1	0	8
568	16	40	2	0	0	0	0	0	1	0	8
569	16	40	2	0	0	0	0	0	1	0	8
570	16	40	2	0	0	0	0	0	1	0	8
571	16	40	2	0	0	0	0	0	1	0	8
572	16	40	2	0	0	0	0	0	1	0	8
573	16	40	2	0	0	0	0	0	1	0	8
574	16	40	2	0	0	0	0	0	1	0	8
575	16	40	2	0	0	0	0	0	1	0	8
576	16	40	2	0	0	0	0	0	1	0	8
577	16	40	2	0	0	0	0	0	1	0	8
578	16	40	2	0	0	0	0	0	1	0	8
579	16	40	2	0	0	0	0	0	1	0	8
580	16	40	2	0	0	0	0	0	1	0	8
581	16	40	2	0	0	0	0	0	1	0	8
582	16	40	2	0	0	0	0	0	1	0	8
583	16	40	2	0	0	0	0	0	1	0	8
584	16	40	2	0	0	0	0	0	1	0	8
585	16	40	2	0	0	0	0	0	1	0	8
586	16	40	2	0	0	0	0	0	1	0	8
587	16	40	2	0	0	0	0	0	1	0	8
588	16	40	2	0	0	0	0	0	1	0	8
589	16	40	2	0	0	0	0	0	1	0	8
590	16	40	2	0	0	0	0	0	1	0	8
591	16	40	2	0	0	0	0	0	1	0	8
592	16	40	2	0	0	0	0	0	1	0	8
593	16	40	2	0	0	0	0	0	1	0	8
594	16	40	2	0	0	0	0	0	1	0	8
595	16	40	2	0	0	0	0	0	1	0	8
596	16	40	2	0	0	0	0	0	1	0	8
597	16	40	2	0	0	0	0	0	1	0	8
598	16	40	2	0	0	0	0	0	1	0	8
599	16	40	2	0	0	0	0	0	1	0	8
600	16	40	2	0	0	0	0	0	1	0	8
601	16	40	2	0	0	0	0	0	1	0	8
602	17	40	2	0	0	0	0	0	1	0	24
603	18	40	2	0	0	0	0	0	1	0	24
604	18	40	2	0	0	0	0	0	1	0	24
605	18	40	2	0	0	0	0	0	1	0	24
606	18	40	2	0	0	0	0	0	1	0	24
607	18	40	2	0	0	0	0	0	1	0	24
608	18	40	2	0	0	0	0	0	1	0	24
609	18	40	2	0	0	0	0	0	1	0	24
610	18	40	2	0	0	0	0	0	1	0	24
611	18	40	2	0	0	0	0	0	1	0	24
612	18	40	2	0	0	0	0	0	1	0	24
613	18	40	2	0	0	0	0	0	1	0	24
614	18	40	2	0	0	0	0	0	1	0	24
615	18	40	2	0	0	0	0	0	1	0	24
616	18	40	2	0	0	0	0	0	1	0	24
617	18	40	2	0	0	0	0	0	1	0	24
618	18	40	2	0	0	0	0	0	1	0	24
619	18	40	2	0	0	0	0	0	1	0	24
620	18	40	2	0	0	0	0	0	1	0	24
621	18	40	2	0	0	0	0	0	1	0	24
622	18	40	2	0	0	0	0	0	1	0	24
623	10	40	1	0	0	0	0	0	1	0	24
624	11	80	1	0	0	0	0	0	1	0	24
625	12	80	1	0	0	0	0	0	1	0	24
626	13	80	1	0	0	0	0	0	1	0	24
627	13	80	1	0	0	0	0	0	1	0	24
628	13	80	1	0	0	0	0	0	1	0	24
629	13	80	1	0	0	0	0	0	1	0	24
630	13	80	1	0	0	0	0	0	1	0	24
631	13	80	1	0	0	0	0	0	1	0	24
632	13	80	1	0	0	0	0	0	1	0	24
633	13	80	1	0	0	0	0	0	1	0	24
634	13	80	1	0	0	0	0	0	1	0	24
635	13	80	1	0	0	0	0	0	1	0	24
636	13	80	1	0	0	0	0	0	1	0	24
637	13	80	1	0	0	0	0	0	1	0	24
638	13	80	1	0	0	0	0	0	1	0	24
639	13	80	1	0	0	0	0	0	1	0	24
640	13	80	1	0	0	0	0	0	1	0	24
641	13	80	1	0	0	0	0	0	1	0	24
642	13	80	1	0	0	0	0	0	1	0	24
643	13	80	1	0	0	0	0	0	1	0	24
644	13	80	1	0	0	0	0	0	1	0	24
645	13	80	1	0	0	0	0	0	1	0	24
646	14	80	1	0	0	0	0	0	1	0	8
647	15	80	1	0	0	0	0	0	1	0	8
648	16	80	1	0	0	0	0	0	1	0	8
649	16	80	1	0	0	0	0	0	1	0	8
650	16	80	1	0	0	0	0	0	1	0	8
651	16	80	1	0	0	0	0	0	1	0	8
652	16	80	1	0	0	0	0	0	1	0	8
653	16	80	1	0	0	0	0	0	1	0	8
654	16	80	1	0	0	0	0	0	1	0	8
655	16	80	1	0	0	0	0	0	1	0	8
656	16	80	1	0	0	0	0	0	1	0	8
657	16	80	1	0	0	0	0	0	1	0	8
658	16	80	1	0	0	0	0	0	1	0	8
659	16	80	1	0	0	0	0	0	1	0	8
660	16	80	1	0	0	0	0	0	1	0	8
661	16	80	1	0	0	0	0	0	1	0	8
662	16	80	1	0	0	0	0	0	1	0	8
663	16	80	1	0	0	0	0	0	1	0	8
664	16	80	1	0	0	0	0	0	1	0	8
665	16	80	1	0	0	0	0	0	1	0	8
666	16	80	1	0	0	0	0	0	1	0	8
667	16	80	1	0	0	0	0	0	1	0	8
668	16	80	1	0	0	0	0	0	1	0	8
669	16	80	1	0	0	0	0	0	1	0	8
670	16	80	1	0	0	0	0	0	1	0	8
671	16	80	1	0	0	0	0	0	1	0	8
672	16	80	1	0	0	0	0	0	1	0	8
673	16	80	1	0	0	0	0	0	1	0	8
674	16	80	1	0	0	0	0	0	1	0	8
675	16	80	1	0	0	0	0	0	1	0	8
676	16	80	1	0	0	0	0	0	1	0	8
677	16	80	1	0	0	0	0	0	1	0	8
678	16	80	1	0	0	0	0	0	1	0	8
679	16	80	1	0	0	0	0	0	1	0	8
680	16	80	1	0	0	0	0	0	1	0	8
681	16	80	1	0	0	0	0	0	1	0	8
682	16	80	1	0	0	0	0	0	1	0	8
683	16	80	1	0	0	0	0	0	1	0	8
684	16	80	1	0	0	0	0	0	1	0	8
685	16	80	1	0	0	0	0	0	1	0	8
686	16	80	1	0	0	0	0	0	1	0	8
687	16	80	1	0	0	0	0	0	1	0	8
688	17	80	1	0	0	0	0	0	1	0	24
689	18	80	1	0	0	0	0	0	1	0	24
690	18	80	1	0	0	0	0	0	1	0	24
691	18	80	1	0	0	0	0	0	1	0	24
692	18	80	1	0	0	0	0	0	1	0	24
693	18	80	1	0	0	0	0	0	1	0	24
694	18	80	1	0	0	0	0	0	1	0	24
695	18	80	1	0	0	0	0	0	1	0	24
696	18	80	1	0	0	0	0	0	1	0	24
697	18	80	1	0	0	0	0	0	1	0	24
698	18	80	1	0	0	0	0	0	1	0	24
699	18	80	1	0	0	0	0	0	1	0	24
700	18	80	1	0	0	0	0	0	1	0	24
701	18	80	1	0	0	0	0	0	1	0	24
702	18	80	1	0	0	0	0	0	1	0	24
703	18	80	1	0	0	0	0	0	1	0	24
704	18	80	1	0	0	0	0	0	1	0	24
705	18	80	1	0	0	0	0	0	1	0	24
706	18	80	1	0	0	0	0	0	1	0	24
707	18	80	1	0	0	0	0	0	1	0	24
708	18	80	1	0	0	0	0	0	1	0	24
709	10	80	0	0	0	0	0	0	1	0	24
710	11	160	0	0	0	0	0	0	1	0	24
711	12	160	0	0	0	0	0	0	1	0	24
712	13	160	0	0	0	0	0	0	1	0	24
713	13	160	0	0	0	0	0	0	1	0	24
714	13	160	0	0	0	0	0	0	1	0	24
715	13	160	0	0	0	0	0	0	1	0	24
716	13	160	0	0	0	0	0	0	1	0	24
717	13	160	0	0	0	0	0	0	1	0	24
718	13	160	0	0	0	0	0	0	1	0	24
719	13	160	0	0	0	0	0	0	1	0	24
720	13	160	0	0	0	0	0	0	1	0	24
721	13	160	0	0	0	0	0	0	1	0	24
722	13	160	0	0	0	0	0	0	1	0	24
723	13	160	0	0	0	0	0	0	1	0	24
724	13	160	0	0	0	0	0	0	1	0	24
725	13	160	0	0	0	0	0	0	1	0	24
726	13	160	0	0	0	0	0	0	1	0	24
727	13	160	0	0	0	0	0	0	1	0	24
728	13	160	0	0	0	0	0	0	1	0	24
729	13	160	0	0	0	0	0	0	1	0	24
730	13	160	0	0	0	0	0	0	1	0	24
731	13	160	0	0	0	0	0	0	1	0	24
732	14	160	0	0	0	0	0	0	1	0	8
733	15	160	0	0	0	0	0	0	1	0	8
734	16	160	0	0	0	0	0	0	1	0	8
735	16	160	0	0	0	0	0	0	1	0	8
736	16	160	0	0	0	0	0	0	1	0	8
737	16	160	0	0	0	0	0	0	1	0	8
738	16	160	0	0	0	0	0	0	1	0	8
739	16	160	0	0	0	0	0	0	1	0	8
740	16	160	0	0	0	0	0	0	1	0	8
741	16	160	0	0	0	0	0	0	1	0	8
742	16	160	0	0	0	0	0	0	1	0	8
743	16	160	0	0	0	0	0	0	1	0	8
744	16	160	0	0	0	0	0	0	1	0	8
745	16	160	0	0	0	0	0	0	1	0	8
746	16	160	0	0	0	0	0	0	1	0	8
747	16	160	0	0	0	0	0	0	1	0	8
748	16	160	0	0	0	0	0	0	1	0	8
749	16	160	0	0	0	0	0	0	1	0	8
750	16	160	0	0	0	0	0	0	1	0	8
751	16	160	0	0	0	0	0	0	1	0	8
752	16	160	0	0	0	0	0	0	1	0	8
753	16	160	0	0	0	0	0	0	1	0	8
754	16	160	0	0	0	0	0	0	1	0	8
755	16	160	0	0	0	0	0	0	1	0	8
756	16	160	0	0	0	0	0	0	1	0	8
757	16	160	0	0	0	0	0	0	1	0	8
758	16	160	0	0	0	0	0	0	1	0	8
759	16	160	0	0	0	0	0	0	1	0	8
760	16	160	0	0	0	0	0	0	1	0	8
761	16	160	0	0	0	0	0	0	1	0	8
762	16	160	0	0	0	0	0	0	1	0	8
763	16	160	0	0	0	0	0	0	1	0	8
764	16	160	0	0	0	0	0	0	1	0	8
765	16	160	0	0	0	0	0	0	1	0	8
766	16	160	0	0	0	0	0	0	1	0	8
767	16	160	0	0	0	0	0	0	1	0	8
768	16	160	0	0	0	0	0	0	1	0	8
769	16	160	0	0	0	0	0	0	1	0	8
770	16	160	0	0	0	0	0	0	1	0	8
771	16	160	0	0	0	0	0	0	1	0	8
772	16	160	0	0	0	0	0	0	1	0	8
773	16	160	0	0	0	0	0	0	1	0	8
774	17	160	0	0	0	0	0	0	1	0	24
775	18	160	0	0	0	0	0	0	1	0	24
776	18	160	0	0	0	0	0	0	1	0	24
777	18	160	0	0	0	0	0	0	1	0	24
778	18	160	0	0	0	0	0	0	1	0	24
779	18	160	0	0	0	0	0	0	1	0	24
780	18	160	0	0	0	0	0	0	1	0	24
781	18	160	0	0	0	0	0	0	1	0	24
782	18	160	0	0	0	0	0	0	1	0	24
783	18	160	0	0	0	0	0	0	1	0	24
784	18	160	0	0	0	0	0	0	1	0	24
785	18	160	0	0	0	0	0	0	1	0	24
786	18	160	0	0	0	0	0	0	1	0	24
787	18	160	0	0	0	0	0	0	1	0	24
788	18	160	0	0	0	0	0	0	1	0	24
789	18	160	0	0	0	0	0	0	1	0	24
790	18	160	0	0	0	0	0	0	1	0	24
791	18	160	0	0	0	0	0	0	1	0	24
792	18	160	0	0	0	0	0	0	1	0	24
793	18	160	0	0	0	0	0	0	1	0	24
794	18	160	0	0	0	0	0	0	1	0	24
795	19	160	0	0	0	0	0	0	1	0	24
796	20	160	0	0	0	0	0	0	1	0	16
797	21	160	0	0	0	0	0	0	1	0	16
798	21	160	0	0	0	0	0	0	1	0	16
799	21	160	0	0	0	0	0	0	1	0	16
800	21	160	0	0	0	0	0	0	1	0	16
801	21	160	0	0	0	0	0	0	1	0	16
802	21	160	0	0	0	0	0	0	1	0	16
803	21	160	0	0	0	0	0	0	1	0	16
804	21	160	0	0	0	0	0	0	1	0	16
805	21	160	0	0	0	0	0	0	1	0	16
806	21	160	0	0	0	0	0	0	1	0	16
807	21	160	0	0	0	0	0	0	1	0	16
808	21	160	0	0	0	0	0	0	1	0	16
809	21	160	0	0	0	0	0	0	1	0	16
810	21	160	0	0	0	0	0	0	1	0	16
811	21	160	0	0	0	0	0	0	1	0	16
812	21	160	0	0	0	0	0	0	1	0	16
813	21	160	0	0	0	0	0	0	1	0	16
814	21	160	0	0	0	0	0	0	1	0	16
815	21	160	0	0	0	0	0	0	1	0	16
816	21	160	0	0	0	0	0	0	1	0	16
817	22	160	0	0	0	0	0	0	1	0	0
818	23	160	0	0	0	0	0	0	1	0	0
819	24	160	0	0	0	0	0	0	1	0	0
820	24	160	0	0	0	0	0	0	1	0	0
821	24	160	0	0	0	0	0	0	1	0	0
822	24	160	0	0	0	0	0	0	1	0	0
823	24	160	0	0	0	0	0	0	1	0	0
824	24	160	0	0	0	0	0	0	1	0	0
825	24	160	0	0	0	0	0	0	1	0	0
826	24	160	0	0	0	0	0	0	1	0	0
827	24	160	0	0	0	0	0	0	1	0	0
828	24	160	0	0	0	0	0	0	1	0	0
829	24	160	0	0	0	0	0	0	1	0	0
830	24	160	0	0	0	0	0	0	1	0	0
831	24	160	0	0	0	0	0	0	1	0	0
832	24	160	0	0	0	0	0	0	1	0	0
833	24	160	0	0	0	0	0	0	1	0	0
834	25	160	0	0	0	0	0	0	1	0	0
835	26	160	0	0	0	0	0	0	1	0	0
836	26	160	0	0	0	0	0	0	1	0	0
837	26	160	0	0	0	0	0	0	1	0	0
838	26	160	0	0	0	0	0	0	1	0	0
839	26	160	0	0	0	0	0	0	1	0	0
840	26	160	0	0	0	0	0	0	1	0	0
841	26	160	0	0	0	0	0	0	1	0	0
842	26	160	0	0	0	0	0	0	1	0	0
843	26	160	0	0	0	0	0	0	1	0	0
844	26	160	0	0	0	0	0	0	1	0	0
845	26	160	0	0	0	0	0	0	1	0	0
846	26	160	0	0	0	0	0	0	1	0	0
847	26	160	0	0	0	0	0	0	1	0	0
848	26	160	0	0	0	0	0	0	1	0	0
849	26	160	0	0	0	0	0	0	1	0	0
850	27	160	0	0	0	0	0	0	1	0	16
851	28	160	0	0	0	0	0	0	1	0	16
852	28	160	0	0	0	0	0	0	1	0	16
853	28	160	0	0	0	0	0	0	1	0	16
854	28	160	0	0	0	0	0	0	1	0	16
855	28	160	0	0	0	0	0	0	1	0	16
856	28	160	0	0	0	0	0	0	1	0	16
857	28	160	0	0	0	0	0	0	1	0	16
858	28	160	0	0	0	0	0	0	1	0	16
859	28	160	0	0	0	0	0	0	1	0	16
860	28	160	0	0	0	0	0	0	1	0	16
861	28	160	0	0	0	0	0	0	1	0	16
862	28	160	0	0	0	0	0	0	1	0	16
863	28	160	0	0	0	0	0	0	1	0	16
864	28	160	0	0	0	0	0	0	1	0	16
865	28	160	0	0	0	0	0	0	1	0	16
866	28	160	0	0	0	0	0	0	1	0	16
867	28	160	0	0	0	0	0	0	1	0	16
868	28	160	0	0	0	0	0	0	1	0	16
869	28	160	0	0	0	0	0	0	1	0	16
870	28	160	0	0	0	0	0	0	1	0	16
871	29	160	0	0	0	0	0	0	1	0	24
872	30	160	0	0	0	0	0	0	1	0	24
873	30	160	0	0	0	0	0	0	1	0	24
874	30	160	0	0	0	0	0	0	1	0	24
875	30	160	0	0	0	0	0	0	1	0	24
876	30	160	0	0	0	0	0	0	1	0	24
877	30	160	0	0	0	0	0	0	1	0	24
878	30	160	0	0	0	0	0	0	1	0	24
879	30	160	0	0	0	0	0	0	1	0	24
880	30	160	0	0	0	0	0	0	1	0	24
881	30	160	0	0	0	0	0	0	1	0	24
882	30	160	0	0	0	0	0	0	1	0	24
883	30	160	0	0	0	0	0	0	1	0	24
884	30	160	0	0	0	0	0	0	1	0	24
885	30	160	0	0	0	0	0	0	1	0	24
886	30	160	0	0	0	0	0	0	1	0	24
887	30	160	0	0	0	0	0	0	1	0	24
888	30	160	0	0	0	0	0	0	1	0	24
889	30	160	0	0	0	0	0	0	1	0	24
890	30	160	0	0	0	0	0	0	1	0	24
891	30	160	0	0	0	0	0	0	1	0	24
892	31	160	0	0	0	0	0	0	1	0	8
893	32	160	0	0	0	0	0	0	1	0	8
894	33	160	0	0	0	0	0	0	1	0	8
895	33	160	0	0	0	0	0	0	1	0	8
896	33	160	0	0	0	0	0	0	1	0	8
897	33	160	0	0	0	0	0	0	1	0	8
898	33	160	0	0	0	0	0	0	1	0	8
899	33	160	0	0	0	0	0	0	1	0	8
900	33	160	0	0	0	0	0	0	1	0	8
901	33	160	0	0	0	0	0	0	1	0	8
902	33	160	0	0	0	0	0	0	1	0	8
903	33	160	0	0	0	0	0	0	1	0	8
904	33	160	0	0	0	0	0	0	1	0	8
905	33	160	0	0	0	0	0	0	1	0	8
906	33	160	0	0	0	0	0	0	1	0	8
907	33	160	0	0	0	0	0	0	1	0	8
908	33	160	0	0	0	0	0	0	1	0	8
909	33	160	0	0	0	0	0	0	1	0	8
910	33	160	0	0	0	0	0	0	1	0	8
911	33	160	0	0	0	0	0	0	1	0	8
912	33	160	0	0	0	0	0	0	1	0	8
913	33	160	0	0	0	0	0	0	1	0	8
914	33	160	0	0	0	0	0	0	1	0	8
915	33	160	0	0	0	0	0	0	1	0	8
916	33	160	0	0	0	0	0	0	1	0	8
917	33	160	0	0	0	0	0	0	1	0	8
918	33	160	0	0	0	0	0	0	1	0	8
919	33	160	0	0	0	0	0	0	1	0	8
920	33	160	0	0	0	0	0	0	1	0	8
921	33	160	0	0	0	0	0	0	1	0	8
922	33	160	0	0	0	0	0	0	1	0	8
923	33	160	0	0	0	0	0	0	1	0	8
924	34	160	0	0	0	0	0	0	1	0	0
925	35	160	0	0	0	0	0	0	1	0	0
926	35	160	0	0	0	0	0	0	1	0	0
927	35	160	0	0	0	0	0	0	1	0	0
928	35	160	0	0	0	0	0	0	1	0	0
929	35	160	0	0	0	0	0	0	1	0	0
930	35	160	0	0	0	0	0	0	1	0	0
931	35	160	0	0	0	0	0	0	1	0	0
932	35	160	0	0	0	0	0	0	1	0	0
933	35	160	0	0	0	0	0	0	1	0	0
934	35	160	0	0	0	0	0	0	1	0	0
935	35	160	0	0	0	0	0	0	1	0	0
936	35	160	0	0	0	0	0	0	1	0	0
937	35	160	0	0	0	0	0	0	1	0	0
938	35	160	0	0	0	0	0	0	1	0	0
939	35	160	0	0	0	0	0	0	1	0	0
940	35	160	0	0	0	0	0	0	1	0	0
941	35	160	0	0	0	0	0	0	1	0	0
942	35	160	0	0	0	0	0	0	1	0	0
943	35	160	0	0	0	0	0	0	1	0	0
944	35	160	0	0	0	0	0	0	1	0	0
945	35	160	0	0	0	0	0	0	1	0	0
946	35	160	0	0	0	0	0	0	1	0	0
947	35	160	0	0	0	0	0	0	1	0	0
948	35	160	0	0	0	0	0	0	1	0	0
949	35	160	0	0	0	0	0	0	1	0	0
950	35	160	0	0	0	0	0	0	1	0	0
951	35	160	0	0	0	0	0	0	1	0	0
952	35	160	0	0	0	0	0	0	1	0	0
953	35	160	0	0	0	0	0	0	1	0	0
954	35	160	0	0	0	0	0	0	1	0	0
955	35	160	0	0	0	0	0	0	1	0	0
956	35	160	0	0	0	0	0	0	1	0	0
957	35	160	0	0	0	0	0	0	1	0	0
958	35	160	0	0	0	0	0	0	1	0	0
959	35	160	0	0	0	0	0	0	1	0	0
960	35	160	0	0	0	0	0	0	1	0	0
961	35	160	0	0	0	0	0	0	1	0	0
962	35	160	0	0	0	0	0	0	1	0	0
963	35	160	0	0	0	0	0	0	1	0	0
964	35	160	0	0	0	0	0	0	1	0	0
965	35	160	0	0	0	0	0	0	1	0	0
966	35	160	0	0	0	0	0	0	1	0	0
967	35	160	0	0	0	0	0	0	1	0	0
968	35	160	0	0	0	0	0	0	1	0	0
969	35	160	0	0	0	0	0	0	1	0	0
970	35	160	0	0	0	0	0	0	1	0	0
971	35	160	0	0	0	0	0	0	1	0	0
972	35	160	0	0	0	0	0	0	1	0	0
973	35	160	0	0	0	0	0	0	1	0	0
974	35	160	0	0	0	0	0	0	1	0	0
975	36	160	0	0	0	0	0	0	1	0	0
976	37	160	0	0	0	0	0	0	1	0	0
977	37	160	0	0	0	0	0	0	1	0	0
978	37	160	0	0	0	0	0	0	1	0	0
979	37	160	0	0	0	0	0	0	1	0	0
980	37	160	0	0	0	0	0	0	1	0	0
981	37	160	0	0	0	0	0	0	1	0	0
982	37	160	0	0	0	0	0	0	1	0	0
983	37	160	0	0	0	0	0	0	1	0	0
984	37	160	0	0	0	0	0	0	1	0	0
985	37	160	0	0	0	0	0	0	1	0	0
986	37	160	0	0	0	0	0	0	1	0	0
987	37	160	0	0	0	0	0	0	1	0	0
988	37	160	0	0	0	0	0	0	1	0	0
989	37	160	0	0	0	0	0	0	1	0	0
990	37	160	0	0	0	0	0	0	1	0	0
991	37	160	0	0	0	0	0	0	1	0	0
992	37	160	0	0	0	0	0	0	1	0	0
993	37	160	0	0	0	0	0	0	1	0	0
994	37	160	0	0	0	0	0	0	1	0	0
995	37	160	0	0	0	0	0	0	1	0	0
996	37	160	0	0	0	0	0	0	1	0	0
997	37	160	0	0	0	0	0	0	1	0	0
998	37	160	0	0	0	0	0	0	1	0	0
999	37	160	0	0	0	0	0	0	1	0	0
1000	37	160	0	0	0	0	0	0	1	0	0
1001	37	160	0	0	0	0	0	0	1	0	0
1002	37	160	0	0	0	0	0	0	1	0	0
1003	37	160	0	0	0	0	0	0	1	0	0
1004	37	160	0	0	0	0	0	0	1	0	0
1005	37	160	0	0	0	0	0	0	1	0	0
1006	37	160	0	0	0	0	0	0	1	0	0
1007	37	160	0	0	0	0	0	0	1	0	0
1008	37	160	0	0	0	0	0	0	1	0	0
1009	37	160	0	0	0	0	0	0	1	0	0
1010	37	160	0	0	0	0	0	0	1	0	0
1011	37	160	0	0	0	0	0	0	1	0	0
1012	37	160	0	0	0	0	0	0	1	0	0
1013	37	160	0	0	0	0	0	0	1	0	0
1014	37	160	0	0	0	0	0	0	1	0	0
1015	37	160	0	0	0	0	0	0	1	0	0
1016	37	160	0	0	0	0	0	0	1	0	0
1017	37	160	0	0	0	0	0	0	1	0	0
1018	37	160	0	0	0	0	0	0	1	0	0
1019	37	160	0	0	0	0	0	0	1	0	0
1020	37	160	0	0	0	0	0	0	1	0	0
1021	37	160	0	0	0	0	0	0	1	0	0
1022	37	160	0	0	0	0	0	0	1	0	0
1023	37	160	0	0	0	0	0	0	1	0	0
1024	37	160	0	0	0	0	0	0	1	0	0
1025	37	160	0	0	0	0	0	0	1	0	0
1026	37	160	0	0	0	0	0	0	1	0	0
1027	37	160	0	0	0	0	0	0	1	0	0
1028	37	160	0	0	0	0	0	0	1	0	0
1029	37	160	0	0	0	0	0	0	1	0	0
1030	37	160	0	0	0	0	0	0	1	0	0
1031	37	160	0	0	0	0	0	0	1	0	0
1032	37	160	0	0	0	0	0	0	1	0	0
1033	37	160	0	0	0	0	0	0	1	0	0
1034	37	160	0	0	0	0	0	0	1	0	0
1035	37	160	0	0	0	0	0	0	1	0	0
1036	37	160	0	0	0	0	0	0	1	0	0
1037	37	160	0	0	0	0	0	0	1	0	0
1038	37	160	0	0	0	0	0	0	1	0	0
1039	37	160	0	0	0	0	0	0	1	0	0
1040	37	160	0	0	0	0	0	0	1	0	0
1041	37	160	0	0	0	0	0	0	1	0	0
1042	37	160	0	0	0	0	0	0	1	0	0
1043	37	160	0	0	0	0	0	0	1	0	0
1044	37	160	0	0	0	0	0	0	1	0	0
1045	37	160	0	0	0	0	0	0	1	0	0
1046	37	160	0	0	0	0	0	0	1	0	0
1047	37	160	0	0	0	0	0	0	1	0	0
1048	37	160	0	0	0	0	0	0	1	0	0
1049	37	160	0	0	0	0	0	0	1	0	0
1050	37	160	0	0	0	0	0	0	1	0	0
1051	37	160	0	0	0	0	0	0	1	0	0
1052	37	160	0	0	0	0	0	0	1	0	0
1053	37	160	0	0	0	0	0	0	1	0	0
1054	37	160	0	0	0	0	0	0	1	0	0
1055	37	160	0	0	0	0	0	0	1	0	0
1056	37	160	0	0	0	0	0	0	1	0	0
1057	37	160	0	0	0	0	0	0	1	0	0
1058	37	160	0	0	0	0	0	0	1	0	0
1059	37	160	0	0	0	0	0	0	1	0	0
1060	37	160	0	0	0	0	0	0	1	0	0
1061	37	160	0	0	0	0	0	0	1	0	0
1062	37	160	0	0	0	0	0	0	1	0	0
1063	37	160	0	0	0	0	0	0	1	0	0
1064	37	160	0	0	0	0	0	0	1	0	0
1065	37	160	0	0	0	0	0	0	1	0	0
1066	37	160	0	0	0	0	0	0	1	0	0
1067	37	160	0	0	0	0	0	0	1	0	0
1068	37	160	0	0	0	0	0	0	1	0	0
1069	37	160	0	0	0	0	0	0	1	0	0
1070	37	160	0	0	0	0	0	0	1	0	0
1071	37	160	0	0	0	0	0	0	1	0	0
1072	37	160	0	0	0	0	0	0	1	0	0
1073	37	160	0	0	0	0	0	0	1	0	0
1074	37	160	0	0	0	0	0	0	1	0	0
1075	37	160	0	0	0	0	0	0	1	0	0
1076	37	160	0	0	0	0	0	0	1	0	0
1077	37	160	0	0	0	0	0	0	1	0	0
1078	37	160	0	0	0	0	0	0	1	0	0
1079	37	160	0	0	0	0	0	0	1	0	0
1080	37	160	0	0	0	0	0	0	1	0	0
1081	37	160	0	0	0	0	0	0	1	0	0
1082	37	160	0	0	0	0	0	0	1	0	0
1083	37	160	0	0	0	0	0	0	1	0	0
1084	37	160	0	0	0	0	0	0	1	0	0
1085	37	160	0	0	0	0	0	0	1	0	0
1086	37	160	0	0	0	0	0	0	1	0	0
1087	37	160	0	0	0	0	0	0	1	0	0
1088	37	160	0	0	0	0	0	0	1	0	0
1089	37	160	0	0	0	0	0	0	1	0	0
1090	37	160	0	0	0	0	0	0	1	0	0
1091	37	160	0	0	0	0	0	0	1	0	0
1092	37	160	0	0	0	0	0	0	1	0	0
1093	37	160	0	0	0	0	0	0	1	0	0
1094	37	160	0	0	0	0	0	0	1	0	0
1095	37	160	0	0	0	0	0	0	1	0	0
1096	37	160	0	0	0	0	0	0	1	0	0
1097	37	160	0	0	0	0	0	0	1	0	0
1098	37	160	0	0	0	0	0	0	1	0	0
1099	37	160	0	0	0	0	0	0	1	0	0
1100	37	160	0	0	0	0	0	0	1	0	0
1101	37	160	0	0	0	0	0	0	1	0	0
1102	37	160	0	0	0	0	0	0	1	0	0
1103	37	160	0	0	0	0	0	0	1	0	0
1104	37	160	0	0	0	0	0	0	1	0	0
1105	37	160	0	0	0	0	0	0	1	0	0
1106	37	160	0	0	0	0	0	0	1	0	0
1107	37	160	0	0	0	0	0	0	1	0	0
1108	37	160	0	0	0	0	0	0	1	0	0
1109	37	160	0	0	0	0	0	0	1	0	0
1110	37	160	0	0	0	0	0	0	1	0	0
1111	37	160	0	0	0	0	0	0	1	0	0
1112	37	160	0	0	0	0	0	0	1	0	0
1113	37	160	0	0	0	0	0	0	1	0	0
1114	37	160	0	0	0	0	0	0	1	0	0
1115	37	160	0	0	0	0	0	0	1	0	0
1116	37	160	0	0	0	0	0	0	1	0	0
1117	37	160	0	0	0	0	0	0	1	0	0
1118	37	160	0	0	0	0	0	0	1	0	0
1119	37	160	0	0	0	0	0	0	1	0	0
1120	37	160	0	0	0	0	0	0	1	0	0
1121	37	160	0	0	0	0	0	0	1	0	0
1122	37	160	0	0	0	0	0	0	1	0	0
1123	37	160	0	0	0	0	0	0	1	0	0
1124	37	160	0	0	0	0	0	0	1	0	0
1125	37	160	0	0	0	0	0	0	1	0	0
1126	37	160	0	0	0	0	0	0	1	0	0
1127	37	160	0	0	0	0	0	0	1	0	0
1128	37	160	0	0	0	0	0	0	1	0	0
1129	37	160	0	0	0	0	0	0	1	0	0
1130	37	160	0	0	0	0	0	0	1	0	0
1131	37	160	0	0	0	0	0	0	1	0	0
1132	37	160	0	0	0	0	0	0	1	0	0
1133	37	160	0	0	0	0	0	0	1	0	0
1134	37	160	0	0	0	0	0	0	1	0	0
1135	37	160	0	0	0	0	0	0	1	0	0
1136	37	160	0	0	0	0	0	0	1	0	0
1137	37	160	0	0	0	0	0	0	1	0	0
1138	37	160	0	0	0	0	0	0	1	0	0
1139	37	160	0	0	0	0	0	0	1	0	0
1140	37	160	0	0	0	0	0	0	1	0	0
1141	37	160	0	0	0	0	0	0	1	0	0
1142	37	160	0	0	0	0	0	0	1	0	0
1143	37	160	0	0	0	0	0	0	1	0	0
1144	37	160	0	0	0	0	0	0	1	0	0
1145	37	160	0	0	0	0	0	0	1	0	0
1146	37	160	0	0	0	0	0	0	1	0	0
1147	37	160	0	0	0	0	0	0	1	0	0
1148	37	160	0	0	0	0	0	0	1	0	0
1149	37	160	0	0	0	0	0	0	1	0	0
1150	37	160	0	0	0	0	0	0	1	0	0
1151	37	160	0	0	0	0	0	0	1	0	0
1152	37	160	0	0	0	0	0	0	1	0	0
1153	37	160	0	0	0	0	0	0	1	0	0
1154	37	160	0	0	0	0	0	0	1	0	0
1155	37	160	0	0	0	0	0	0	1	0	0
1156	37	160	0	0	0	0	0	0	1	0	0
1157	37	160	0	0	0	0	0	0	1	0	0
1158	37	160	0	0	0	0	0	0	1	0	0
1159	37	160	0	0	0	0	0	0	1	0	0
1160	37	160	0	0	0	0	0	0	1	0	0
1161	37	160	0	0	0	0	0	0	1	0	0
1162	37	160	0	0	0	0	0	0	1	0	0
1163	37	160	0	0	0	0	0	0	1	0	0
1164	37	160	0	0	0	0	0	0	1	0	0
1165	37	160	0	0	0	0	0	0	1	0	0
1166	37	160	0	0	0	0	0	0	1	0	0
1167	37	160	0	0	0	0	0	0	1	0	0
1168	37	160	0	0	0	0	0	0	1	0	0
1169	37	160	0	0	0	0	0	0	1	0	0
1170	37	160	0	0	0	0	0	0	1	0	0
1171	37	160	0	0	0	0	0	0	1	0	0
1172	37	160	0	0	0	0	0	0	1	0	0
1173	37	160	0	0	0	0	0	0	1	0	0
1174	37	160	0	0	0	0	0	0	1	0	0
1175	37	160	0	0	0	0	0	0	1	0	0
1176	37	160	0	0	0	0	0	0	1	0	0
1177	37	160	0	0	0	0	0	0	1	0	0
1178	37	160	0	0	0	0	0	0	1	0	0
1179	37	160	0	0	0	0	0	0	1	0	0
1180	37	160	0	0	0	0	0	0	1	0	0
1181	37	160	0	0	0	0	0	0	1	0	0
1182	37	160	0	0	0	0	0	0	1	0	0
1183	37	160	0	0	0	0	0	0	1	0	0
1184	37	160	0	0	0	0	0	0	1	0	0
1185	37	160	0	0	0	0	0	0	1	0	0
1186	37	160	0	0	0	0	0	0	1	0	0
1187	37	160	0	0	0	0	0	0	1	0	0
1188	37	160	0	0	0	0	0	0	1	0	0
1189	37	160	0	0	0	0	0	0	1	0	0
1190	37	160	0	0	0	0	0	0	1	0	0
1191	37	160	0	0	0	0	0	0	1	0	0
1192	37	160	0	0	0	0	0	0	1	0	0
1193	37	160	0	0	0	0	0	0	1	0	0
1194	37	160	0	0	0	0	0	0	1	0	0
1195	37	160	0	0	0	0	0	0	1	0	0
1196	37	160	0	0	0	0	0	0	1	0	0
1197	37	160	0	0	0	0	0	0	1	0	0
1198	37	160	0	0	0	0	0	0	1	0	0
1199	37	160	0	0	0	0	0	0	1	0	0
1200	37	160	0	0	0	0	0	0	1	0	0
1201	37	160	0	0	0	0	0	0	1	0	0
1202	37	160	0	0	0	0	0	0	1	0	0
1203	37	160	0	0	0	0	0	0	1	0	0
1204	37	160	0	0	0	0	0	0	1	0	0
1205	37	160	0	0	0	0	0	0	1	0	0
1206	37	160	0	0	0	0	0	0	1	0	0
1207	37	160	0	0	0	0	0	0	1	0	0
1208	37	160	0	0	0	0	0	0	1	0	0
1209	37	160	0	0	0	0	0	0	1	0	0
1210	37	160	0	0	0	0	0	0	1	0	0
1211	37	160	0	0	0	0	0	0	1	0	0
1212	37	160	0	0	0	0	0	0	1	0	0
1213	37	160	0	0	0	0	0	0	1	0	0
1214	37	160	0	0	0	0	0	0	1	0	0
1215	37	160	0	0	0	0	0	0	1	0	0
1216	37	160	0	0	0	0	0	0	1	0	0
1217	37	160	0	0	0	0	0	0	1	0	0
1218	37	160	0	0	0	0	0	0	1	0	0
1219	37	160	0	0	0	0	0	0	1	0	0
1220	37	160	0	0	0	0	0	0	1	0	0
1221	37	160	0	0	0	0	0	0	1	0	0
1222	37	160	0	0	0	0	0	0	1	0	0
1223	37	160	0	0	0	0	0	0	1	0	0
1224	37	160	0	0	0	0	0	0	1	0	0
1225	37	160	0	0	0	0	0	0	1	0	0
1226	37	160	0	0	0	0	0	0	1	0	0
1227	37	160	0	0	0	0	0	0	1	0	0
1228	37	160	0	0	0	0	0	0	1	0	0
1229	37	160	0	0	0	0	0	0	1	0	0
1230	37	160	0	0	0	0	0	0	1	0	0
1231	37	160	0	0	0	0	0	0	1	0	0
1232	37	160	0	0	0	0	0	0	1	0	0
1233	37	160	0	0	0	0	0	0	1	0	0
1234	37	160	0	0	0	0	0	0	1	0	0
1235	37	160	0	0	0	0	0	0	1	0	0
1236	37	160	0	0	0	0	0	0	1	0	0
1237	37	160	0	0	0	0	0	0	1	0	0
1238	37	160	0	0	0	0	0	0	1	0	0
1239	37	160	0	0	0	0	0	0	1	0	0
1240	37	160	0	0	0	0	0	0	1	0	0
1241	37	160	0	0	0	0	0	0	1	0	0
1242	37	160	0	0	0	0	0	0	1	0	0
1243	37	160	0	0	0	0	0	0	1	0	0
1244	37	160	0	0	0	0	0	0	1	0	0
1245	37	160	0	0	0	0	0	0	1	0	0
1246	37	160	0	0	0	0	0	0	1	0	0
1247	37	160	0	0	0	0	0	0	1	0	0
1248	37	160	0	0	0	0	0	0	1	0	0
1249	37	160	0	0	0	0	0	0	1	0	0
1250	37	160	0	0	0	0	0	0	1	0	0
1251	37	160	0	0	0	0	0	0	1	0	0
1252	37	160	0	0	0	0	0	0	1	0	0
1253	37	160	0	0	0	0	0	0	1	0	0
1254	37	160	0	0	0	0	0	0	1	0	0
1255	37	160	0	0	0	0	0	0	1	0	0
1256	37	160	0	0	0	0	0	0	1	0	0
1257	37	160	0	0	0	0	0	0	1	0	0
1258	37	160	0	0	0	0	0	0	1	0	0
1259	37	160	0	0	0	0	0	0	1	0	0
1260	37	160	0	0	0	0	0	0	1	0	0
1261	37	160	0	0	0	0	0	0	1	0	0
1262	37	160	0	0	0	0	0	0	1	0	0
1263	37	160	0	0	0	0	0	0	1	0	0
1264	37	160	0	0	0	0	0	0	1	0	0
1265	37	160	0	0	0	0	0	0	1	0	0
1266	37	160	0	0	0	0	0	0	1	0	0
1267	37	160	0	0	0	0	0	0	1	0	0
1268	37	160	0	0	0	0	0	0	1	0	0
1269	37	160	0	0	0	0	0	0	1	0	0
1270	37	160	0	0	0	0	0	0	1	0	0
1271	37	160	0	0	0	0	0	0	1	0	0
1272	37	160	0	0	0	0	0	0	1	0	0
1273	37	160	0	0	0	0	0	0	1	0	0
1274	37	160	0	0	0	0	0	0	1	0	0
1275	37	160	0	0	0	0	0	0	1	0	0
1276	37	160	0	0	0	0	0	0	1	0	0
1277	37	160	0	0	0	0	0	0	1	0	0
1278	37	160	0	0	0	0	0	0	1	0	0
1279	37	160	0	0	0	0	0	0	1	0	0
1280	37	160	0	0	0	0	0	0	1	0	0
1281	37	160	0	0	0	0	0	0	1	0	0
1282	37	160	0	0	0	0	0	0	1	0	0
1283	37	160	0	0	0	0	0	0	1	0	0
1284	37	160	0	0	0	0	0	0	1	0	0
1285	37	160	0	0	0	0	0	0	1	0	0
1286	37	160	0	0	0	0	0	0	1	0	0
1287	37	160	0	0	0	0	0	0	1	0	0
1288	37	160	0	0	0	0	0	0	1	0	0
1289	37	160	0	0	0	0	0	0	1	0	0
1290	37	160	0	0	0	0	0	0	1	0	0
1291	37	160	0	0	0	0	0	0	1	0	0
1292	37	160	0	0	0	0	0	0	1	0	0
1293	37	160	0	0	0	0	0	0	1	0	0
1294	37	160	0	0	0	0	0	0	1	0	0
1295	37	160	0	0	0	0	0	0	1	0	0
1296	37	160	0	0	0	0	0	0	1	0	0
1297	37	160	0	0	0	0	0	0	1	0	0
1298	37	160	0	0	0	0	0	0	1	0	0
1299	37	160	0	0	0	0	0	0	1	0	0
1300	37	160	0	0	0	0	0	0	1	0	0
1301	37	160	0	0	0	0	0	0	1	0	0
1302	37	160	0	0	0	0	0	0	1	0	0
1303	37	160	0	0	0	0	0	0	1	0	0
1304	37	160	0	0	0	0	0	0	1	0	0
1305	37	160	0	0	0	0	0	0	1	0	0
1306	37	160	0	0	0	0	0	0	1	0	0
1307	37	160	0	0	0	0	0	0	1	0	0
1308	37	160	0	0	0	0	0	0	1	0	0
1309	37	160	0	0	0	0	0	0	1	0	0
1310	37	160	0	0	0	0	0	0	1	0	0
1311	37	160	0	0	0	0	0	0	1	0	0
1312	37	160	0	0	0	0	0	0	1	0	0
1313	37	160	0	0	0	0	0	0	1	0	0
1314	37	160	0	0	0	0	0	0	1	0	0
1315	37	160	0	0	0	0	0	0	1	0	0
1316	37	160	0	0	0	0	0	0	1	0	0
1317	37	160	0	0	0	0	0	0	1	0	0
1318	37	160	0	0	0	0	0	0	1	0	0
1319	37	160	0	0	0	0	0	0	1	0	0
1320	37	160	0	0	0	0	0	0	1	0	0
1321	37	160	0	0	0	0	0	0	1	0	0
1322	37	160	0	0	0	0	0	0	1	0	0
1323	37	160	0	0	0	0	0	0	1	0	0
1324	37	160	0	0	0	0	0	0	1	0	0
1325	37	160	0	0	0	0	0	0	1	0	0
1326	37	160	0	0	0	0	0	0	1	0	0
1327	37	160	0	0	0	0	0	0	1	0	0
1328	37	160	0	0	0	0	0	0	1	0	0
1329	37	160	0	0	0	0	0	0	1	0	0
1330	37	160	0	0	0	0	0	0	1	0	0
1331	37	160	0	0	0	0	0	0	1	0	0
1332	37	160	0	0	0	0	0	0	1	0	0
1333	37	160	0	0	0	0	0	0	1	0	0
1334	37	160	0	0	0	0	0	0	1	0	0
1335	37	160	0	0	0	0	0	0	1	0	0
1336	37	160	0	0	0	0	0	0	1	0	0
1337	37	160	0	0	0	0	0	0	1	0	0
1338	37	160	0	0	0	0	0	0	1	0	0
1339	37	160	0	0	0	0	0	0	1	0	0
1340	37	160	0	0	0	0	0	0	1	0	0
1341	37	160	0	0	0	0	0	0	1	0	0
1342	37	160	0	0	0	0	0	0	1	0	0
1343	37	160	0	0	0	0	0	0	1	0	0
1344	37	160	0	0	0	0	0	0	1	0	0
1345	37	160	0	0	0	0	0	0	1	0	0
1346	37	160	0	0	0	0	0	0	1	0	0
1347	37	160	0	0	0	0	0	0	1	0	0
1348	37	160	0	0	0	0	0	0	1	0	0
1349	37	160	0	0	0	0	0	0	1	0	0
1350	37	160	0	0	0	0	0	0	1	0	0
1351	37	160	0	0	0	0	0	0	1	0	0
1352	37	160	0	0	0	0	0	0	1	0	0
1353	37	160	0	0	0	0	0	0	1	0	0
1354	37	160	0	0	0	0	0	0	1	0	0
1355	37	160	0	0	0	0	0	0	1	0	0
1356	37	160	0	0	0	0	0	0	1	0	0
1357	37	160	0	0	0	0	0	0	1	0	0
1358	37	160	0	0	0	0	0	0	1	0	0
1359	37	160	0	0	0	0	0	0	1	0	0
1360	37	160	0	0	0	0	0	0	1	0	0
1361	37	160	0	0	0	0	0	0	1	0	0
1362	37	160	0	0	0	0	0	0	1	0	0
1363	37	160	0	0	0	0	0	0	1	0	0
1364	37	160	0	0	0	0	0	0	1	0	0
1365	37	160	0	0	0	0	0	0	1	0	0
1366	37	160	0	0	0	0	0	0	1	0	0
1367	37	160	0	0	0	0	0	0	1	0	0
1368	37	160	0	0	0	0	0	0	1	0	0
1369	37	160	0	0	0	0	0	0	1	0	0
1370	37	160	0	0	0	0	0	0	1	0	0
1371	37	160	0	0	0	0	0	0	1	0	0
1372	37	160	0	0	0	0	0	0	1	0	0
1373	37	160	0	0	0	0	0	0	1	0	0
1374	37	160	0	0	0	0	0	0	1	0	0
1375	37	160	0	0	0	0	0	0	1	0	0
1376	37	160	0	0	0	0	0	0	1	0	0
1377	37	160	0	0	0	0	0	0	1	0	0
1378	37	160	0	0	0	0	0	0	1	0	0
1379	37	160	0	0	0	0	0	0	1	0	0
1380	37	160	0	0	0	0	0	0	1	0	0
1381	37	160	0	0	0	0	0	0	1	0	0
1382	37	160	0	0	0	0	0	0	1	0	0
1383	37	160	0	0	0	0	0	0	1	0	0
1384	37	160	0	0	0	0	0	0	1	0	0
1385	37	160	0	0	0	0	0	0	1	0	0
1386	37	160	0	0	0	0	0	0	1	0	0
1387	37	160	0	0	0	0	0	0	1	0	0
1388	37	160	0	0	0	0	0	0	1	0	0
1389	37	160	0	0	0	0	0	0	1	0	0
1390	37	160	0	0	0	0	0	0	1	0	0
1391	37	160	0	0	0	0	0	0	1	0	0
1392	37	160	0	0	0	0	0	0	1	0	0
1393	37	160	0	0	0	0	0	0	1	0	0
1394	37	160	0	0	0	0	0	0	1	0	0
1395	37	160	0	0	0	0	0	0	1	0	0
1396	37	160	0	0	0	0	0	0	1	0	0
1397	37	160	0	0	0	0	0	0	1	0	0
1398	37	160	0	0	0	0	0	0	1	0	0
1399	37	160	0	0	0	0	0	0	1	0	0
1400	37	160	0	0	0	0	0	0	1	0	0
1401	37	160	0	0	0	0	0	0	1	0	0
1402	37	160	0	0	0	0	0	0	1	0	0
1403	37	160	0	0	0	0	0	0	1	0	0
1404	37	160	0	0	0	0	0	0	1	0	0
1405	37	160	0	0	0	0	0	0	1	0	0
1406	37	160	0	0	0	0	0	0	1	0	0
1407	37	160	0	0	0	0	0	0	1	0	0
1408	37	160	0	0	0	0	0	0	1	0	0
1409	37	160	0	0	0	0	0	0	1	0	0
1410	37	160	0	0	0	0	0	0	1	0	0
1411	37	160	0	0	0	0	0	0	1	0	0
1412	37	160	0	0	0	0	0	0	1	0	0
1413	37	160	0	0	0	0	0	0	1	0	0
1414	37	160	0	0	0	0	0	0	1	0	0
1415	37	160	0	0	0	0	0	0	1	0	0
1416	37	160	0	0	0	0	0	0	1	0	0
1417	37	160	0	0	0	0	0	0	1	0	0
1418	37	160	0	0	0	0	0	0	1	0	0
1419	37	160	0	0	0	0	0	0	1	0	0
1420	37	160	0	0	0	0	0	0	1	0	0
1421	37	160	0	0	0	0	0	0	1	0	0
1422	37	160	0	0	0	0	0	0	1	0	0
1423	37	160	0	0	0	0	0	0	1	0	0
1424	37	160	0	0	0	0	0	0	1	0	0
1425	37	160	0	0	0	0	0	0	1	0	0
1426	37	160	0	0	0	0	0	0	1	0	0
1427	37	160	0	0	0	0	0	0	1	0	0
1428	37	160	0	0	0	0	0	0	1	0	0
1429	37	160	0	0	0	0	0	0	1	0	0
1430	37	160	0	0	0	0	0	0	1	0	0
1431	37	160	0	0	0	0	0	0	1	0	0
1432	37	160	0	0	0	0	0	0	1	0	0
1433	37	160	0	0	0	0	0	0	1	0	0
1434	37	160	0	0	0	0	0	0	1	0	0
1435	37	160	0	0	0	0	0	0	1	0	0
1436	37	160	0	0	0	0	0	0	1	0	0
1437	37	160	0	0	0	0	0	0	1	0	0
1438	37	160	0	0	0	0	0	0	1	0	0
1439	37	160	0	0	0	0	0	0	1	0	0
1440	37	160	0	0	0	0	0	0	1	0	0
1441	37	160	0	0	0	0	0	0	1	0	0
1442	37	160	0	0	0	0	0	0	1	0	0
1443	37	160	0	0	0	0	0	0	1	0	0
1444	37	160	0	0	0	0	0	0	1	0	0
1445	37	160	0	0	0	0	0	0	1	0	0
1446	37	160	0	0	0	0	0	0	1	0	0
1447	37	160	0	0	0	0	0	0	1	0	0
1448	37	160	0	0	0	0	0	0	1	0	0
1449	37	160	0	0	0	0	0	0	1	0	0
1450	37	160	0	0	0	0	0	0	1	0	0
1451	37	160	0	0	0	0	0	0	1	0	0
1452	37	160	0	0	0	0	0	0	1	0	0
1453	37	160	0	0	0	0	0	0	1	0	0
1454	37	160	0	0	0	0	0	0	1	0	0
1455	37	160	0	0	0	0	0	0	1	0	0
1456	37	160	0	0	0	0	0	0	1	0	0
1457	37	160	0	0	0	0	0	0	1	0	0
1458	37	160	0	0	0	0	0	0	1	0	0
1459	37	160	0	0	0	0	0	0	1	0	0
1460	37	160	0	0	0	0	0	0	1	0	0
1461	37	160	0	0	0	0	0	0	1	0	0
1462	37	160	0	0	0	0	0	0	1	0	0
1463	37	160	0	0	0	0	0	0	1	0	0
1464	37	160	0	0	0	0	0	0	1	0	0
1465	37	160	0	0	0	0	0	0	1	0	0
1466	37	160	0	0	0	0	0	0	1	0	0
1467	37	160	0	0	0	0	0	0	1	0	0
1468	37	160	0	0	0	0	0	0	1	0	0
1469	37	160	0	0	0	0	0	0	1	0	0
1470	37	160	0	0	0	0	0	0	1	0	0
1471	37	160	0	0	0	0	0	0	1	0	0
1472	37	160	0	0	0	0	0	0	1	0	0
1473	37	160	0	0	0	0	0	0	1	0	0
1474	37	160	0	0	0	0	0	0	1	0	0
1475	37	160	0	0	0	0	0	0	1	0	0
1476	37	160	0	0	0	0	0	0	1	0	0
1477	37	160	0	0	0	0	0	0	1	0	0
1478	37	160	0	0	0	0	0	0	1	0	0
1479	37	160	0	0	0	0	0	0	1	0	0
1480	37	160	0	0	0	0	0	0	1	0	0
1481	37	160	0	0	0	0	0	0	1	0	0
1482	37	160	0	0	0	0	0	0	1	0	0
1483	37	160	0	0	0	0	0	0	1	0	0
1484	37	160	0	0	0	0	0	0	1	0	0
1485	37	160	0	0	0	0	0	0	1	0	0
1486	37	160	0	0	0	0	0	0	1	0	0
1487	37	160	0	0	0	0	0	0	1	0	0
1488	37	160	0	0	0	0	0	0	1	0	0
1489	37	160	0	0	0	0	0	0	1	0	0
1490	37	160	0	0	0	0	0	0	1	0	0
1491	37	160	0	0	0	0	0	0	1	0	0
1492	37	160	0	0	0	0	0	0	1	0	0
1493	37	160	0	0	0	0	0	0	1	0	0
1494	37	160	0	0	0	0	0	0	1	0	0
1495	37	160	0	0	0	0	0	0	1	0	0
1496	37	160	0	0	0	0	0	0	1	0	0
1497	37	160	0	0	0	0	0	0	1	0	0
1498	37	160	0	0	0	0	0	0	1	0	0
1499	37	160	0	0	0	0	0	0	1	0	0
1500	37	160	0	0	0	0	0	0	1	0	0
1501	37	160	0	0	0	0	0	0	1	0	0
1502	37	160	0	0	0	0	0	0	1	0	0
1503	37	160	0	0	0	0	0	0	1	0	0
1504	37	160	0	0	0	0	0	0	1	0	0
1505	37	160	0	0	0	0	0	0	1	0	0
1506	37	160	0	0	0	0	0	0	1	0	0
1507	37	160	0	0	0	0	0	0	1	0	0
1508	37	160	0	0	0	0	0	0	1	0	0
1509	37	160	0	0	0	0	0	0	1	0	0
1510	37	160	0	0	0	0	0	0	1	0	0
1511	37	160	0	0	0	0	0	0	1	0	0
1512	37	160	0	0	0	0	0	0	1	0	0
1513	37	160	0	0	0	0	0	0	1	0	0
1514	37	160	0	0	0	0	0	0	1	0	0
1515	37	160	0	0	0	0	0	0	1	0	0
1516	37	160	0	0	0	0	0	0	1	0	0
1517	37	160	0	0	0	0	0	0	1	0	0
1518	37	160	0	0	0	0	0	0	1	0	0
1519	37	160	0	0	0	0	0	0	1	0	0
1520	37	160	0	0	0	0	0	0	1	0	0
1521	37	160	0	0	0	0	0	0	1	0	0
1522	37	160	0	0	0	0	0	0	1	0	0
1523	37	160	0	0	0	0	0	0	1	0	0
1524	37	160	0	0	0	0	0	0	1	0	0
1525	37	160	0	0	0	0	0	0	1	0	0
1526	37	160	0	0	0	0	0	0	1	0	0
1527	37	160	0	0	0	0	0	0	1	0	0
1528	37	160	0	0	0	0	0	0	1	0	0
1529	37	160	0	0	0	0	0	0	1	0	0
1530	37	160	0	0	0	0	0	0	1	0	0
1531	37	160	0	0	0	0	0	0	1	0	0
1532	37	160	0	0	0	0	0	0	1	0	0
1533	37	160	0	0	0	0	0	0	1	0	0
1534	37	160	0	0	0	0	0	0	1	0	0
1535	37	160	0	0	0	0	0	0	1	0	0
1536	37	160	0	0	0	0	0	0	1	0	0
1537	37	160	0	0	0	0	0	0	1	0	0
1538	37	160	0	0	0	0	0	0	1	0	0
1539	37	160	0	0	0	0	0	0	1	0	0
1540	37	160	0	0	0	0	0	0	1	0	0
1541	37	160	0	0	0	0	0	0	1	0	0
1542	37	160	0	0	0	0	0	0	1	0	0
1543	37	160	0	0	0	0	0	0	1	0	0
1544	37	160	0	0	0	0	0	0	1	0	0
1545	37	160	0	0	0	0	0	0	1	0	0
1546	37	160	0	0	0	0	0	0	1	0	0
1547	37	160	0	0	0	0	0	0	1	0	0
1548	37	160	0	0	0	0	0	0	1	0	0
1549	37	160	0	0	0	0	0	0	1	0	0
1550	37	160	0	0	0	0	0	0	1	0	0
1551	37	160	0	0	0	0	0	0	1	0	0
1552	37	160	0	0	0	0	0	0	1	0	0
1553	37	160	0	0	0	0	0	0	1	0	0
1554	37	160	0	0	0	0	0	0	1	0	0
1555	37	160	0	0	0	0	0	0	1	0	0
1556	37	160	0	0	0	0	0	0	1	0	0
1557	37	160	0	0	0	0	0	0	1	0	0
1558	37	160	0	0	0	0	0	0	1	0	0
1559	37	160	0	0	0	0	0	0	1	0	0
1560	37	160	0	0	0	0	0	0	1	0	0
1561	37	160	0	0	0	0	0	0	1	0	0
1562	37	160	0	0	0	0	0	0	1	0	0
1563	37	160	0	0	0	0	0	0	1	0	0
1564	37	160	0	0	0	0	0	0	1	0	0
1565	37	160	0	0	0	0	0	0	1	0	0
1566	37	160	0	0	0	0	0	0	1	0	0
1567	37	160	0	0	0	0	0	0	1	0	0
1568	37	160	0	0	0	0	0	0	1	0	0
1569	37	160	0	0	0	0	0	0	1	0	0
1570	37	160	0	0	0	0	0	0	1	0	0
1571	37	160	0	0	0	0	0	0	1	0	0
1572	37	160	0	0	0	0	0	0	1	0	0
1573	37	160	0	0	0	0	0	0	1	0	0
1574	37	160	0	0	0	0	0	0	1	0	0
1575	37	160	0	0	0	0	0	0	1	0	0
1576	37	160	0	0	0	0	0	0	1	0	0
1577	37	160	0	0	0	0	0	0	1	0	0
1578	37	160	0	0	0	0	0	0	1	0	0
1579	37	160	0	0	0	0	0	0	1	0	0
1580	37	160	0	0	0	0	0	0	1	0	0
1581	37	160	0	0	0	0	0	0	1	0	0
1582	37	160	0	0	0	0	0	0	1	0	0
1583	37	160	0	0	0	0	0	0	1	0	0
1584	37	160	0	0	0	0	0	0	1	0	0
1585	37	160	0	0	0	0	0	0	1	0	0
1586	37	160	0	0	0	0	0	0	1	0	0
1587	37	160	0	0	0	0	0	0	1	0	0
1588	37	160	0	0	0	0	0	0	1	0	0
1589	37	160	0	0	0	0	0	0	1	0	0
1590	37	160	0	0	0	0	0	0	1	0	0
1591	37	160	0	0	0	0	0	0	1	0	0
1592	37	160	0	0	0	0	0	0	1	0	0
1593	37	160	0	0	0	0	0	0	1	0	0
1594	37	160	0	0	0	0	0	0	1	0	0
1595	37	160	0	0	0	0	0	0	1	0	0
1596	37	160	0	0	0	0	0	0	1	0	0
1597	37	160	0	0	0	0	0	0	1	0	0
1598	37	160	0	0	0	0	0	0	1	0	0
1599	37	160	0	0	0	0	0	0	1	0	0
1600	37	160	0	0	0	0	0	0	1	0	0
1601	37	160	0	0	0	0	0	0	1	0	0
1602	37	160	0	0	0	0	0	0	1	0	0
1603	37	160	0	0	0	0	0	0	1	0	0
1604	37	160	0	0	0	0	0	0	1	0	0
1605	37	160	0	0	0	0	0	0	1	0	0
1606	37	160	0	0	0	0	0	0	1	0	0
1607	37	160	0	0	0	0	0	0	1	0	0
1608	37	160	0	0	0	0	0	0	1	0	0
1609	37	160	0	0	0	0	0	0	1	0	0
1610	37	160	0	0	0	0	0	0	1	0	0
1611	37	160	0	0	0	0	0	0	1	0	0
1612	37	160	0	0	0	0	0	0	1	0	0
1613	37	160	0	0	0	0	0	0	1	0	0
1614	37	160	0	0	0	0	0	0	1	0	0
1615	37	160	0	0	0	0	0	0	1	0	0
1616	37	160	0	0	0	0	0	0	1	0	0
1617	37	160	0	0	0	0	0	0	1	0	0
1618	37	160	0	0	0	0	0	0	1	0	0
1619	37	160	0	0	0	0	0	0	1	0	0
1620	37	160	0	0	0	0	0	0	1	0	0
1621	37	160	0	0	0	0	0	0	1	0	0
1622	37	160	0	0	0	0	0	0	1	0	0
1623	37	160	0	0	0	0	0	0	1	0	0
1624	37	160	0	0	0	0	0	0	1	0	0
1625	37	160	0	0	0	0	0	0	1	0	0
1626	37	160	0	0	0	0	0	0	1	0	0
1627	37	160	0	0	0	0	0	0	1	0	0
1628	37	160	0	0	0	0	0	0	1	0	0
1629	37	160	0	0	0	0	0	0	1	0	0
1630	37	160	0	0	0	0	0	0	1	0	0
1631	37	160	0	0	0	0	0	0	1	0	0
1632	37	160	0	0	0	0	0	0	1	0	0
1633	37	160	0	0	0	0	0	0	1	0	0
1634	37	160	0	0	0	0	0	0	1	0	0
1635	37	160	0	0	0	0	0	0	1	0	0
1636	37	160	0	0	0	0	0	0	1	0	0
1637	37	160	0	0	0	0	0	0	1	0	0
1638	37	160	0	0	0	0	0	0	1	0	0
1639	37	160	0	0	0	0	0	0	1	0	0
1640	37	160	0	0	0	0	0	0	1	0	0
1641	37	160	0	0	0	0	0	0	1	0	0
1642	37	160	0	0	0	0	0	0	1	0	0
1643	37	160	0	0	0	0	0	0	1	0	0
1644	37	160	0	0	0	0	0	0	1	0	0
1645	37	160	0	0	0	0	0	0	1	0	0
1646	37	160	0	0	0	0	0	0	1	0	0
1647	37	160	0	0	0	0	0	0	1	0	0
1648	37	160	0	0	0	0	0	0	1	0	0
1649	37	160	0	0	0	0	0	0	1	0	0
1650	37	160	0	0	0	0	0	0	1	0	0
1651	37	160	0	0	0	0	0	0	1	0	0
1652	37	160	0	0	0	0	0	0	1	0	0
1653	37	160	0	0	0	0	0	0	1	0	0
1654	37	160	0	0	0	0	0	0	1	0	0
1655	37	160	0	0	0	0	0	0	1	0	0
1656	37	160	0	0	0	0	0	0	1	0	0
1657	37	160	0	0	0	0	0	0	1	0	0
1658	37	160	0	0	0	0	0	0	1	0	0
1659	37	160	0	0	0	0	0	0	1	0	0
1660	37	160	0	0	0	0	0	0	1	0	0
1661	37	160	0	0	0	0	0	0	1	0	0
1662	37	160	0	0	0	0	0	0	1	0	0
1663	37	160	0	0	0	0	0	0	1	0	0
1664	37	160	0	0	0	0	0	0	1	0	0
1665	37	160	0	0	0	0	0	0	1	0	0
1666	37	160	0	0	0	0	0	0	1	0	0
1667	37	160	0	0	0	0	0	0	1	0	0
1668	37	160	0	0	0	0	0	0	1	0	0
1669	37	160	0	0	0	0	0	0	1	0	0
1670	37	160	0	0	0	0	0	0	1	0	0
1671	37	160	0	0	0	0	0	0	1	0	0
1672	37	160	0	0	0	0	0	0	1	0	0
1673	37	160	0	0	0	0	0	0	1	0	0
1674	37	160	0	0	0	0	0	0	1	0	0
1675	37	160	0	0	0	0	0	0	1	0	0
1676	37	160	0	0	0	0	0	0	1	0	0
1677	37	160	0	0	0	0	0	0	1	0	0
1678	37	160	0	0	0	0	0	0	1	0	0
1679	37	160	0	0	0	0	0	0	1	0	0
1680	37	160	0	0	0	0	0	0	1	0	0
1681	37	160	0	0	0	0	0	0	1	0	0
1682	37	160	0	0	0	0	0	0	1	0	0
1683	37	160	0	0	0	0	0	0	1	0	0
1684	37	160	0	0	0	0	0	0	1	0	0
1685	37	160	0	0	0	0	0	0	1	0	0
1686	37	160	0	0	0	0	0	0	1	0	0
1687	37	160	0	0	0	0	0	0	1	0	0
1688	37	160	0	0	0	0	0	0	1	0	0
1689	37	160	0	0	0	0	0	0	1	0	0
1690	37	160	0	0	0	0	0	0	1	0	0
1691	37	160	0	0	0	0	0	0	1	0	0
1692	37	160	0	0	0	0	0	0	1	0	0
1693	37	160	0	0	0	0	0	0	1	0	0
1694	37	160	0	0	0	0	0	0	1	0	0
1695	37	160	0	0	0	0	0	0	1	0	0
1696	37	160	0	0	0	0	0	0	1	0	0
1697	37	160	0	0	0	0	0	0	1	0	0
1698	37	160	0	0	0	0	0	0	1	0	0
1699	37	160	0	0	0	0	0	0	1	0	0
1700	37	160	0	0	0	0	0	0	1	0	0
1701	37	160	0	0	0	0	0	0	1	0	0
1702	37	160	0	0	0	0	0	0	1	0	0
1703	37	160	0	0	0	0	0	0	1	0	0
1704	37	160	0	0	0	0	0	0	1	0	0
1705	37	160	0	0	0	0	0	0	1	0	0
1706	37	160	0	0	0	0	0	0	1	0	0
1707	37	160	0	0	0	0	0	0	1	0	0
1708	37	160	0	0	0	0	0	0	1	0	0
1709	37	160	0	0	0	0	0	0	1	0	0
1710	37	160	0	0	0	0	0	0	1	0	0
1711	37	160	0	0	0	0	0	0	1	0	0
1712	37	160	0	0	0	0	0	0	1	0	0
1713	37	160	0	0	0	0	0	0	1	0	0
1714	37	160	0	0	0	0	0	0	1	0	0
1715	37	160	0	0	0	0	0	0	1	0	0
1716	37	160	0	0	0	0	0	0	1	0	0
1717	37	160	0	0	0	0	0	0	1	0	0
1718	37	160	0	0	0	0	0	0	1	0	0
1719	37	160	0	0	0	0	0	0	1	0	0
1720	37	160	0	0	0	0	0	0	1	0	0
1721	37	160	0	0	0	0	0	0	1	0	0
1722	37	160	0	0	0	0	0	0	1	0	0
1723	37	160	0	0	0	0	0	0	1	0	0
1724	37	160	0	0	0	0	0	0	1	0	0
1725	37	160	0	0	0	0	0	0	1	0	0
1726	37	160	0	0	0	0	0	0	1	0	0
1727	37	160	0	0	0	0	0	0	1	0	0
1728	37	160	0	0	0	0	0	0	1	0	0
1729	37	160	0	0	0	0	0	0	1	0	0
1730	37	160	0	0	0	0	0	0	1	0	0
1731	37	160	0	0	0	0	0	0	1	0	0
1732	37	160	0	0	0	0	0	0	1	0	0
1733	37	160	0	0	0	0	0	0	1	0	0
1734	37	160	0	0	0	0	0	0	1	0	0
1735	37	160	0	0	0	0	0	0	1	0	0
1736	37	160	0	0	0	0	0	0	1	0	0
1737	37	160	0	0	0	0	0	0	1	0	0
1738	37	160	0	0	0	0	0	0	1	0	0
1739	37	160	0	0	0	0	0	0	1	0	0
1740	37	160	0	0	0	0	0	0	1	0	0
1741	37	160	0	0	0	0	0	0	1	0	0
1742	37	160	0	0	0	0	0	0	1	0	0
1743	37	160	0	0	0	0	0	0	1	0	0
1744	37	160	0	0	0	0	0	0	1	0	0
1745	37	160	0	0	0	0	0	0	1	0	0
1746	37	160	0	0	0	0	0	0	1	0	0
1747	37	160	0	0	0	0	0	0	1	0	0
1748	37	160	0	0	0	0	0	0	1	0	0
1749	37	160	0	0	0	0	0	0	1	0	0
1750	37	160	0	0	0	0	0	0	1	0	0
1751	37	160	0	0	0	0	0	0	1	0	0
1752	37	160	0	0	0	0	0	0	1	0	0
1753	37	160	0	0	0	0	0	0	1	0	0
1754	37	160	0	0	0	0	0	0	1	0	0
1755	37	160	0	0	0	0	0	0	1	0	0
1756	37	160	0	0	0	0	0	0	1	0	0
1757	37	160	0	0	0	0	0	0	1	0	0
1758	37	160	0	0	0	0	0	0	1	0	0
1759	37	160	0	0	0	0	0	0	1	0	0
1760	37	160	0	0	0	0	0	0	1	0	0
1761	37	160	0	0	0	0	0	0	1	0	0
1762	37	160	0	0	0	0	0	0	1	0	0
1763	37	160	0	0	0	0	0	0	1	0	0
1764	37	160	0	0	0	0	0	0	1	0	0
1765	37	160	0	0	0	0	0	0	1	0	0
1766	37	160	0	0	0	0	0	0	1	0	0
1767	37	160	0	0	0	0	0	0	1	0	0
1768	37	160	0	0	0	0	0	0	1	0	0
1769	37	160	0	0	0	0	0	0	1	0	0
1770	37	160	0	0	0	0	0	0	1	0	0
1771	37	160	0	0	0	0	0	0	1	0	0
1772	37	160	0	0	0	0	0	0	1	0	0
1773	37	160	0	0	0	0	0	0	1	0	0
1774	37	160	0	0	0	0	0	0	1	0	0
1775	37	160	0	0	0	0	0	0	1	0	0
1776	37	160	0	0	0	0	0	0	1	0	0
1777	37	160	0	0	0	0	0	0	1	0	0
1778	37	160	0	0	0	0	0	0	1	0	0
1779	37	160	0	0	0	0	0	0	1	0	0
1780	37	160	0	0	0	0	0	0	1	0	0
1781	37	160	0	0	0	0	0	0	1	0	0
1782	37	160	0	0	0	0	0	0	1	0	0
1783	37	160	0	0	0	0	0	0	1	0	0
1784	37	160	0	0	0	0	0	0	1	0	0
1785	37	160	0	0	0	0	0	0	1	0	0
1786	37	160	0	0	0	0	0	0	1	0	0
1787	37	160	0	0	0	0	0	0	1	0	0
1788	37	160	0	0	0	0	0	0	1	0	0
1789	37	160	0	0	0	0	0	0	1	0	0
1790	37	160	0	0	0	0	0	0	1	0	0
1791	37	160	0	0	0	0	0	0	1	0	0
1792	37	160	0	0	0	0	0	0	1	0	0
1793	37	160	0	0	0	0	0	0	1	0	0
1794	37	160	0	0	0	0	0	0	1	0	0
1795	37	160	0	0	0	0	0	0	1	0	0
1796	37	160	0	0	0	0	0	0	1	0	0
1797	37	160	0	0	0	0	0	0	1	0	0
1798	37	160	0	0	0	0	0	0	1	0	0
1799	37	160	0	0	0	0	0	0	1	0	0
1800	37	160	0	0	0	0	0	0	1	0	0
1801	37	160	0	0	0	0	0	0	1	0	0
1802	37	160	0	0	0	0	0	0	1	0	0
1803	37	160	0	0	0	0	0	0	1	0	0
1804	37	160	0	0	0	0	0	0	1	0	0
1805	37	160	0	0	0	0	0	0	1	0	0
1806	37	160	0	0	0	0	0	0	1	0	0
1807	37	160	0	0	0	0	0	0	1	0	0
1808	37	160	0	0	0	0	0	0	1	0	0
1809	37	160	0	0	0	0	0	0	1	0	0
1810	37	160	0	0	0	0	0	0	1	0	0
1811	37	160	0	0	0	0	0	0	1	0	0
1812	37	160	0	0	0	0	0	0	1	0	0
1813	37	160	0	0	0	0	0	0	1	0	0
1814	37	160	0	0	0	0	0	0	1	0	0
1815	37	160	0	0	0	0	0	0	1	0	0
1816	37	160	0	0	0	0	0	0	1	0	0
1817	37	160	0	0	0	0	0	0	1	0	0
1818	37	160	0	0	0	0	0	0	1	0	0
1819	37	160	0	0	0	0	0	0	1	0	0
1820	37	160	0	0	0	0	0	0	1	0	0
1821	37	160	0	0	0	0	0	0	1	0	0
1822	37	160	0	0	0	0	0	0	1	0	0
1823	37	160	0	0	0	0	0	0	1	0	0
1824	37	160	0	0	0	0	0	0	1	0	0
1825	37	160	0	0	0	0	0	0	1	0	0
1826	37	160	0	0	0	0	0	0	1	0	0
1827	37	160	0	0	0	0	0	0	1	0	0
1828	37	160	0	0	0	0	0	0	1	0	0
1829	37	160	0	0	0	0	0	0	1	0	0
1830	37	160	0	0	0	0	0	0	1	0	0
1831	37	160	0	0	0	0	0	0	1	0	0
1832	37	160	0	0	0	0	0	0	1	0	0
1833	37	160	0	0	0	0	0	0	1	0	0
1834	37	160	0	0	0	0	0	0	1	0	0
1835	37	160	0	0	0	0	0	0	1	0	0
1836	37	160	0	0	0	0	0	0	1	0	0
1837	37	160	0	0	0	0	0	0	1	0	0
1838	37	160	0	0	0	0	0	0	1	0	0
1839	37	160	0	0	0	0	0	0	1	0	0
1840	37	160	0	0	0	0	0	0	1	0	0
1841	37	160	0	0	0	0	0	0	1	0	0
1842	37	160	0	0	0	0	0	0	1	0	0
1843	37	160	0	0	0	0	0	0	1	0	0
1844	37	160	0	0	0	0	0	0	1	0	0
1845	37	160	0	0	0	0	0	0	1	0	0
1846	37	160	0	0	0	0	0	0	1	0	0
1847	37	160	0	0	0	0	0	0	1	0	0
1848	37	160	0	0	0	0	0	0	1	0	0
1849	37	160	0	0	0	0	0	0	1	0	0
1850	37	160	0	0	0	0	0	0	1	0	0
1851	37	160	0	0	0	0	0	0	1	0	0
1852	37	160	0	0	0	0	0	0	1	0	0
1853	37	160	0	0	0	0	0	0	1	0	0
1854	37	160	0	0	0	0	0	0	1	0	0
1855	37	160	0	0	0	0	0	0	1	0	0
1856	37	160	0	0	0	0	0	0	1	0	0
1857	37	160	0	0	0	0	0	0	1	0	0
1858	37	160	0	0	0	0	0	0	1	0	0
1859	37	160	0	0	0	0	0	0	1	0	0
1860	37	160	0	0	0	0	0	0	1	0	0
1861	37	160	0	0	0	0	0	0	1	0	0
1862	37	160	0	0	0	0	0	0	1	0	0
1863	37	160	0	0	0	0	0	0	1	0	0
1864	37	160	0	0	0	0	0	0	1	0	0
1865	37	160	0	0	0	0	0	0	1	0	0
1866	37	160	0	0	0	0	0	0	1	0	0
1867	37	160	0	0	0	0	0	0	1	0	0
1868	37	160	0	0	0	0	0	0	1	0	0
1869	37	160	0	0	0	0	0	0	1	0	0
1870	37	160	0	0	0	0	0	0	1	0	0
1871	37	160	0	0	0	0	0	0	1	0	0
1872	37	160	0	0	0	0	0	0	1	0	0
1873	37	160	0	0	0	0	0	0	1	0	0
1874	37	160	0	0	0	0	0	0	1	0	0
1875	37	160	0	0	0	0	0	0	1	0	0
1876	37	160	0	0	0	0	0	0	1	0	0
1877	37	160	0	0	0	0	0	0	1	0	0
1878	37	160	0	0	0	0	0	0	1	0	0
1879	37	160	0	0	0	0	0	0	1	0	0
1880	37	160	0	0	0	0	0	0	1	0	0
1881	37	160	0	0	0	0	0	0	1	0	0
1882	37	160	0	0	0	0	0	0	1	0	0
1883	37	160	0	0	0	0	0	0	1	0	0
1884	37	160	0	0	0	0	0	0	1	0	0
1885	37	160	0	0	0	0	0	0	1	0	0
1886	37	160	0	0	0	0	0	0	1	0	0
1887	37	160	0	0	0	0	0	0	1	0	0
1888	37	160	0	0	0	0	0	0	1	0	0
1889	37	160	0	0	0	0	0	0	1	0	0
1890	37	160	0	0	0	0	0	0	1	0	0
1891	37	160	0	0	0	0	0	0	1	0	0
1892	37	160	0	0	0	0	0	0	1	0	0
1893	37	160	0	0	0	0	0	0	1	0	0
1894	37	160	0	0	0	0	0	0	1	0	0
1895	37	160	0	0	0	0	0	0	1	0	0
1896	37	160	0	0	0	0	0	0	1	0	0
1897	37	160	0	0	0	0	0	0	1	0	0
1898	37	160	0	0	0	0	0	0	1	0	0
1899	37	160	0	0	0	0	0	0	1	0	0
1900	37	160	0	0	0	0	0	0	1	0	0
1901	37	160	0	0	0	0	0	0	1	0	0
1902	37	160	0	0	0	0	0	0	1	0	0
1903	37	160	0	0	0	0	0	0	1	0	0
1904	37	160	0	0	0	0	0	0	1	0	0
1905	37	160	0	0	0	0	0	0	1	0	0
1906	37	160	0	0	0	0	0	0	1	0	0
1907	37	160	0	0	0	0	0	0	1	0	0
1908	37	160	0	0	0	0	0	0	1	0	0
1909	37	160	0	0	0	0	0	0	1	0	0
1910	37	160	0	0	0	0	0	0	1	0	0
1911	37	160	0	0	0	0	0	0	1	0	0
1912	37	160	0	0	0	0	0	0	1	0	0
1913	37	160	0	0	0	0	0	0	1	0	0
1914	37	160	0	0	0	0	0	0	1	0	0
1915	37	160	0	0	0	0	0	0	1	0	0
1916	37	160	0	0	0	0	0	0	1	0	0
1917	37	160	0	0	0	0	0	0	1	0	0
1918	37	160	0	0	0	0	0	0	1	0	0
1919	37	160	0	0	0	0	0	0	1	0	0
1920	37	160	0	0	0	0	0	0	1	0	0
1921	37	160	0	0	0	0	0	0	1	0	0
1922	37	160	0	0	0	0	0	0	1	0	0
1923	37	160	0	0	0	0	0	0	1	0	0
1924	37	160	0	0	0	0	0	0	1	0	0
1925	37	160	0	0	0	0	0	0	1	0	0
1926	37	160	0	0	0	0	0	0	1	0	0
1927	37	160	0	0	0	0	0	0	1	0	0
1928	37	160	0	0	0	0	0	0	1	0	0
1929	37	160	0	0	0	0	0	0	1	0	0
1930	37	160	0	0	0	0	0	0	1	0	0
1931	37	160	0	0	0	0	0	0	1	0	0
1932	37	160	0	0	0	0	0	0	1	0	0
1933	37	160	0	0	0	0	0	0	1	0	0
1934	37	160	0	0	0	0	0	0	1	0	0
1935	37	160	0	0	0	0	0	0	1	0	0
1936	37	160	0	0	0	0	0	0	1	0	0
1937	37	160	0	0	0	0	0	0	1	0	0
1938	37	160	0	0	0	0	0	0	1	0	0
1939	37	160	0	0	0	0	0	0	1	0	0
1940	37	160	0	0	0	0	0	0	1	0	0
1941	37	160	0	0	0	0	0	0	1	0	0
1942	37	160	0	0	0	0	0	0	1	0	0
1943	37	160	0	0	0	0	0	0	1	0	0
1944	37	160	0	0	0	0	0	0	1	0	0
1945	37	160	0	0	0	0	0	0	1	0	0
1946	37	160	0	0	0	0	0	0	1	0	0
1947	37	160	0	0	0	0	0	0	1	0	0
1948	37	160	0	0	0	0	0	0	1	0	0
1949	37	160	0	0	0	0	0	0	1	0	0
1950	37	160	0	0	0	0	0	0	1	0	0
1951	37	160	0	0	0	0	0	0	1	0	0
1952	37	160	0	0	0	0	0	0	1	0	0
1953	37	160	0	0	0	0	0	0	1	0	0
1954	37	160	0	0	0	0	0	0	1	0	0
1955	37	160	0	0	0	0	0	0	1	0	0
1956	37	160	0	0	0	0	0	0	1	0	0
1957	37	160	0	0	0	0	0	0	1	0	0
1958	37	160	0	0	0	0	0	0	1	0	0
1959	37	160	0	0	0	0	0	0	1	0	0
1960	37	160	0	0	0	0	0	0	1	0	0
1961	37	160	0	0	0	0	0	0	1	0	0
1962	37	160	0	0	0	0	0	0	1	0	0
1963	37	160	0	0	0	0	0	0	1	0	0
1964	37	160	0	0	0	0	0	0	1	0	0
1965	37	160	0	0	0	0	0	0	1	0	0
1966	37	160	0	0	0	0	0	0	1	0	0
1967	37	160	0	0	0	0	0	0	1	0	0
1968	37	160	0	0	0	0	0	0	1	0	0
1969	37	160	0	0	0	0	0	0	1	0	0
1970	37	160	0	0	0	0	0	0	1	0	0
1971	37	160	0	0	0	0	0	0	1	0	0
1972	37	160	0	0	0	0	0	0	1	0	0
1973	37	160	0	0	0	0	0	0	1	0	0
1974	37	160	0	0	0	0	0	0	1	0	0
1975	37	160	0	0	0	0	0	0	1	0	0
1976	37	160	0	0	0	0	0	0	1	0	0
1977	37	160	0	0	0	0	0	0	1	0	0
1978	37	160	0	0	0	0	0	0	1	0	0
1979	37	160	0	0	0	0	0	0	1	0	0
1980	37	160	0	0	0	0	0	0	1	0	0
1981	37	160	0	0	0	0	0	0	1	0	0
1982	37	160	0	0	0	0	0	0	1	0	0
1983	37	160	0	0	0	0	0	0	1	0	0
1984	37	160	0	0	0	0	0	0	1	0	0
1985	37	160	0	0	0	0	0	0	1	0	0
1986	37	160	0	0	0	0	0	0	1	0	0
1987	37	160	0	0	0	0	0	0	1	0	0
1988	37	160	0	0	0	0	0	0	1	0	0
1989	37	160	0	0	0	0	0	0	1	0	0
1990	37	160	0	0	0	0	0	0	1	0	0
1991	37	160	0	0	0	0	0	0	1	0	0
1992	37	160	0	0	0	0	0	0	1	0	0
1993	37	160	0	0	0	0	0	0	1	0	0
1994	37	160	0	0	0	0	0	0	1	0	0
1995	37	160	0	0	0	0	0	0	1	0	0
1996	37	160	0	0	0	0	0	0	1	0	0
1997	37	160	0	0	0	0	0	0	1	0	0
1998	37	160	0	0	0	0	0	0	1	0	0
1999	37	160	0	0	0	0	0	0	1	0	0
2000	37	160	0	0	0	0	0	0	1	0	0
